"","Date","Actual","Predicted"
"1",2014-01-02,15.5,15.4203340843305
"2",2014-01-03,15.5,13.5020264076455
"3",2014-01-03,15.5,13.5020264076455
"4",2014-01-06,15.5,13.2846683550082
"5",2014-01-06,15.5,13.2846683550082
"6",2014-01-07,13,8.06664583892373
"7",2014-01-07,15,8.24828004418289
"8",2014-01-07,13,8.06664583892373
"9",2014-01-08,12,7.59085123038948
"10",2014-01-09,12,7.59680638709688
"11",2014-01-10,12,7.31625645973513
"12",2014-01-13,12,7.2315305903999
"13",2014-01-13,12,7.2315305903999
"14",2014-01-14,11,8.91059105557145
"15",2014-01-16,13,7.30125388220074
"16",2014-01-16,11,8.94849275743159
"17",2014-01-17,11,9.83081016931839
"18",2014-01-17,11,9.83081016931839
"19",2014-01-20,11,9.84036978046322
"20",2014-01-20,9,11.9810277306301
"21",2014-01-20,11,9.84036978046322
"22",2014-01-21,9,7.89487653734198
"23",2014-01-21,13,7.56107080114892
"24",2014-01-22,9,8.21482561243864
"25",2014-01-22,8,8.40796943107203
"26",2014-01-22,10,7.54509014693793
"27",2014-01-23,9,8.06062524535309
"28",2014-01-23,8,7.90083175179865
"29",2014-01-23,10,7.5678459039542
"30",2014-01-24,10,7.28634040379839
"31",2014-01-24,9,7.72210567358818
"32",2014-01-27,9,7.82867045891119
"33",2014-01-27,8,7.18249988533996
"34",2014-01-27,10,7.28854593969776
"35",2014-01-28,9,6.31828846074667
"36",2014-01-28,12,6.41744179608785
"37",2014-01-29,9,7.51233874716901
"38",2014-01-29,12,8.63835452398199
"39",2014-01-30,10.5,7.96073289562375
"40",2014-01-30,9,8.52607604596755
"41",2014-01-30,12,11.8612396001979
"42",2014-01-31,10.5,8.40906589610018
"43",2014-01-31,12,10.9347430043596
"44",2014-02-04,12,6.83035396002346
"45",2014-02-05,14,7.10944295759476
"46",2014-02-05,16,6.68722524469723
"47",2014-02-06,15,7.09312200544914
"48",2014-02-06,14,6.60618843781501
"49",2014-02-06,16,6.72107021992997
"50",2014-02-07,14,7.07873477431876
"51",2014-02-07,15,6.70283521455878
"52",2014-02-10,14,7.07601368527625
"53",2014-02-10,13,6.6040563359163
"54",2014-02-10,15,6.70131166150647
"55",2014-02-11,15,7.5256652492825
"56",2014-02-11,14,6.88390977005791
"57",2014-02-11,16,6.72780781851945
"58",2014-02-12,14,6.87199070645421
"59",2014-02-12,16,6.76534843981649
"60",2014-02-13,14,6.89823438353371
"61",2014-02-13,16,6.75014032983548
"62",2014-02-14,15,6.77359934392294
"63",2014-02-17,14,7.59989860432136
"64",2014-02-17,13,7.36016199781712
"65",2014-02-18,11,7.80703451142056
"66",2014-02-18,14,6.69888595886838
"67",2014-02-19,11,7.10249948903968
"68",2014-02-19,14,6.88584098810727
"69",2014-02-20,11,6.69945435131916
"70",2014-02-20,14,6.9032711928216
"71",2014-02-21,11,6.27760372819754
"72",2014-02-21,14,7.0100904603545
"73",2014-02-24,11,6.28744791307559
"74",2014-02-24,14,7.01642152291674
"75",2014-02-25,12,6.840905005668
"76",2014-02-25,14,7.9084720434424
"77",2014-02-26,12,9.26839453060681
"78",2014-02-26,14,9.08973073348121
"79",2014-02-27,12,11.1445805579681
"80",2014-02-27,14,10.4282944230099
"81",2014-02-28,11,11.1424344343718
"82",2014-02-28,13,10.4322844607643
"83",2014-03-03,11,9.19633945194351
"84",2014-03-03,13,9.44027643257463
"85",2014-03-04,12,11.5117995988201
"86",2014-03-04,12,11.5117995988201
"87",2014-03-05,12,8.2308416946218
"88",2014-03-05,12,8.2308416946218
"89",2014-03-06,12,8.23232549011576
"90",2014-03-06,12,8.23232549011576
"91",2014-03-07,12,9.22078914127437
"92",2014-03-07,12,9.22078914127437
"93",2014-03-10,12,7.35076927872507
"94",2014-03-10,12,7.35076927872507
"95",2014-03-11,12,7.40483763866788
"96",2014-03-11,12,7.40483763866788
"97",2014-03-12,12,8.06950933499186
"98",2014-03-12,12,8.06950933499186
"99",2014-03-13,12,8.06760134601694
"100",2014-03-13,12,8.06760134601694
"101",2014-03-14,11,8.5648067809933
"102",2014-03-14,11,8.5648067809933
"103",2014-03-18,11,8.93407161306569
"104",2014-03-19,9,8.90129004002469
"105",2014-03-19,9,8.90129004002469
"106",2014-03-20,9,8.23195290855972
"107",2014-03-20,9,8.23195290855972
"108",2014-03-21,9,7.27418841111765
"109",2014-03-21,9,7.27418841111765
"110",2014-03-24,9,7.27350046580148
"111",2014-03-24,9,7.27350046580148
"112",2014-03-24,9,7.27350046580148
"113",2014-03-25,5,7.31082067539015
"114",2014-03-25,5,7.31082067539015
"115",2014-03-26,5,5.14893962204896
"116",2014-03-26,5,5.14893962204896
"117",2014-03-26,5,5.14893962204896
"118",2014-03-27,5,5.13878756942205
"119",2014-03-27,5,5.13878756942205
"120",2014-03-27,5,5.13878756942205
"121",2014-03-31,5,6.66913888335615
"122",2014-03-31,5,6.66913888335615
"123",2014-04-01,4.5,7.25220981884835
"124",2014-04-02,4.5,7.02478451242902
"125",2014-04-02,4.5,7.02478451242902
"126",2014-04-02,4.5,7.02478451242902
"127",2014-04-03,4.5,7.02846897643235
"128",2014-04-03,4.5,7.02846897643235
"129",2014-04-07,4,7.0969762482358
"130",2014-04-07,4,7.0969762482358
"131",2014-04-08,3,7.16607130360823
"132",2014-04-08,3,7.16607130360823
"133",2014-04-09,3,7.16436011152569
"134",2014-04-09,3,7.16436011152569
"135",2014-04-09,3,7.16436011152569
"136",2014-04-09,3,7.16436011152569
"137",2014-04-10,3,7.16251269867467
"138",2014-04-10,3,7.16251269867467
"139",2014-04-10,3,7.16251269867467
"140",2014-04-11,3,7.34586949788909
"141",2014-04-11,3,7.34586949788909
"142",2014-04-11,3,7.34586949788909
"143",2014-04-11,3,7.34586949788909
"144",2014-04-14,3,7.30866125573845
"145",2014-04-15,3,7.36928102919455
"146",2014-04-15,3,7.36928102919455
"147",2014-04-16,3,7.27520595566675
"148",2014-04-16,3,7.27520595566675
"149",2014-04-16,3,7.27520595566675
"150",2014-04-16,3,7.27520595566675
"151",2014-04-21,3,7.28017652331342
"152",2014-04-22,3,7.17075967883659
"153",2014-04-23,3.5,4.19924235848378
"154",2014-04-23,3.5,4.19924235848378
"155",2014-04-24,3.5,4.19952208397993
"156",2014-04-24,3.5,4.19952208397993
"157",2014-04-25,3.5,4.07765150079577
"158",2014-04-25,3.5,4.07765150079577
"159",2014-04-28,3.5,4.08101186301954
"160",2014-04-28,3.5,4.08101186301954
"161",2014-05-28,4,3.1023421518321
"162",2014-05-28,4,3.1023421518321
"163",2014-05-29,4,3.08773251171188
"164",2014-05-29,4,3.08773251171188
"165",2014-05-30,4,3.19666616687589
"166",2014-05-30,4,3.19666616687589
"167",2014-06-02,4,3.16302537606187
"168",2014-06-02,4,3.16302537606187
"169",2014-06-02,4,3.16302537606187
"170",2014-06-03,4,3.42260038029975
"171",2014-06-03,4,3.42260038029975
"172",2014-06-04,4,3.32992380071383
"173",2014-06-04,4,3.32992380071383
"174",2014-06-05,4,3.31991306211537
"175",2014-06-05,4,3.31991306211537
"176",2014-06-05,4,3.31991306211537
"177",2014-06-06,4,3.15916107210662
"178",2014-06-06,4,3.15916107210662
"179",2014-06-09,4,3.19726998671082
"180",2014-06-09,4,3.19726998671082
"181",2014-06-09,4,3.19726998671082
"182",2014-06-10,4.5,3.25044576966533
"183",2014-06-10,4.5,3.25044576966533
"184",2014-06-11,4.5,3.44995037428718
"185",2014-06-11,4.5,3.44995037428718
"186",2014-06-12,4.5,3.50453448516274
"187",2014-06-12,4.5,3.50453448516274
"188",2014-06-12,4.5,3.50453448516274
"189",2014-06-16,4.5,3.33999000314818
"190",2014-06-16,4.5,3.33999000314818
"191",2014-06-16,4.5,3.33999000314818
"192",2014-06-17,4.5,3.34533348845529
"193",2014-06-17,4.5,3.34533348845529
"194",2014-06-19,4.5,4.24627156780811
"195",2014-06-19,4.5,4.24627156780811
"196",2014-06-20,4.5,4.20649223376207
"197",2014-06-23,4.5,3.40452329039004
"198",2014-06-23,4.5,3.40452329039004
"199",2014-06-24,5,3.63158902773717
"200",2014-06-26,5,4.11438803146214
"201",2014-06-27,6.5,4.15794634160025
"202",2014-06-27,6.5,4.15794634160025
"203",2014-06-30,6.5,4.24389078632498
"204",2014-06-30,6.5,4.24389078632498
"205",2014-07-01,7,4.28592916914249
"206",2014-07-03,7,4.36933254745014
"207",2014-07-03,7,4.36933254745014
"208",2014-07-04,7,4.71860959822937
"209",2014-07-04,7,4.71860959822937
"210",2014-07-07,7,4.95846697736506
"211",2014-07-07,7,4.95846697736506
"212",2014-07-08,6.5,5.51801486515653
"213",2014-07-09,6.5,5.76561408183576
"214",2014-07-10,6.5,5.78469708490637
"215",2014-07-10,6.5,5.78469708490637
"216",2014-07-10,6.5,5.78469708490637
"217",2014-07-11,6.5,5.75900863980135
"218",2014-07-11,6.5,5.75900863980135
"219",2014-07-11,6.5,5.75900863980135
"220",2014-07-14,6.5,5.76346953178895
"221",2014-07-15,6.5,6.30691536294701
"222",2014-07-16,6.5,6.6293251900058
"223",2014-07-17,6.5,6.59542980725055
"224",2014-07-17,6.5,6.59542980725055
"225",2014-07-18,6,6.54114047137316
"226",2014-07-18,6,6.54114047137316
"227",2014-07-18,6,6.54114047137316
"228",2014-07-21,6,6.47173317585917
"229",2014-07-22,5.5,6.24570816859132
"230",2014-07-23,5.5,6.22335359635274
"231",2014-07-24,5.5,6.22553694078726
"232",2014-07-24,5.5,6.22553694078726
"233",2014-07-25,5,6.23388396821014
"234",2014-07-25,5,6.23388396821014
"235",2014-07-28,5,6.24267697977949
"236",2014-07-29,5,6.3576696960337
"237",2014-07-30,5,6.3194786900545
"238",2014-07-30,5,6.3194786900545
"239",2014-07-31,5,6.32069223900443
"240",2014-07-31,5,6.32069223900443
"241",2014-08-01,5,6.46933390567592
"242",2014-08-01,5,6.46933390567592
"243",2014-08-04,5,6.39798898576891
"244",2014-08-05,4.5,6.81476282619883
"245",2014-08-06,4.5,6.80320363187564
"246",2014-08-06,4.5,6.80320363187564
"247",2014-08-07,4.5,6.79162485583397
"248",2014-08-07,4.5,6.79162485583397
"249",2014-08-08,4.5,6.86654582627975
"250",2014-08-08,4.5,6.86654582627975
"251",2014-08-11,4.5,6.86570969216038
"252",2014-08-11,4.5,6.86570969216038
"253",2014-08-12,6.5,6.5688838829427
"254",2014-08-12,6.5,6.5688838829427
"255",2014-08-13,6.5,6.34320532126024
"256",2014-08-13,6.5,6.34320532126024
"257",2014-08-14,6.5,7.0010086238778
"258",2014-08-14,6.5,7.0010086238778
"259",2014-08-15,7,6.09439669870656
"260",2014-08-15,7,6.09439669870656
"261",2014-08-18,7,6.0342854000625
"262",2014-08-18,7,6.0342854000625
"263",2014-08-19,7,6.37531763756606
"264",2014-08-19,7,6.37531763756606
"265",2014-08-20,7,6.36354191154268
"266",2014-08-20,7,6.36354191154268
"267",2014-08-21,7,6.16564915914459
"268",2014-08-21,7,6.16564915914459
"269",2014-08-22,7,6.52690013970042
"270",2014-08-22,7,6.52690013970042
"271",2014-08-25,7,6.27436518327508
"272",2014-08-26,7.5,6.29080651609234
"273",2014-08-26,7.5,6.29080651609234
"274",2014-08-27,7.5,6.29271317798972
"275",2014-08-27,7.5,6.29271317798972
"276",2014-08-28,7.5,6.32701503781798
"277",2014-08-28,7.5,6.32701503781798
"278",2014-08-29,7.5,6.3713365817751
"279",2014-08-29,7.5,6.3713365817751
"280",2014-09-01,7.5,6.38796529498342
"281",2014-09-01,7.5,6.38796529498342
"282",2014-09-02,7,6.30920381542144
"283",2014-09-02,7,6.30920381542144
"284",2014-09-03,7,6.33570779044537
"285",2014-09-03,7,6.33570779044537
"286",2014-09-04,7,6.33566468927887
"287",2014-09-04,7,6.33566468927887
"288",2014-09-05,7,6.3356080599564
"289",2014-09-05,7,6.3356080599564
"290",2014-09-08,7,6.42781060582719
"291",2014-09-08,7,6.42781060582719
"292",2014-09-09,7,6.77280429342706
"293",2014-09-09,7,6.77280429342706
"294",2014-09-10,7,6.93108900992422
"295",2014-09-10,7,6.93108900992422
"296",2014-09-11,7,6.9257760177813
"297",2014-09-11,7,6.9257760177813
"298",2014-09-12,7,6.83285993781287
"299",2014-09-12,7,6.83285993781287
"300",2014-09-15,7,6.94027061896569
"301",2014-09-15,7,6.94027061896569
"302",2014-09-17,7,7.94552118181275
"303",2014-09-17,7,7.94552118181275
"304",2014-09-18,7,8.08714422489432
"305",2014-09-18,6,8.79166182624416
"306",2014-09-19,7,8.33989824629169
"307",2014-09-19,6,8.98367851222119
"308",2014-09-22,7,8.53744084442725
"309",2014-09-22,6,8.91356526222262
"310",2014-09-23,8,8.02764986603372
"311",2014-09-23,7,8.59301117692051
"312",2014-09-24,8,8.02855227656775
"313",2014-09-25,8,8.02776524987769
"314",2014-09-25,7,8.56587998545901
"315",2014-09-26,7,8.81713168720993
"316",2014-09-26,8,8.56482720327186
"317",2014-09-26,7,8.81713168720993
"318",2014-09-29,8,8.56651820861303
"319",2014-09-29,7,8.8408208458481
"320",2014-09-30,10,8.82842520953057
"321",2014-09-30,8.75,9.19888547566681
"322",2014-10-01,10,8.82886037765066
"323",2014-10-01,8.75,9.2011841596374
"324",2014-10-02,8.75,9.20986743015964
"325",2014-10-02,10,8.82626110523075
"326",2014-10-02,8.75,9.20986743015964
"327",2014-10-03,8.75,8.05306884378033
"328",2014-10-03,10,8.37339049809573
"329",2014-10-03,8.75,8.05306884378033
"330",2014-10-06,8.75,8.14723331205881
"331",2014-10-06,10,8.28541207320324
"332",2014-10-06,8.75,8.14723331205881
"333",2014-10-07,13,7.08198022673297
"334",2014-10-07,13,7.08198022673297
"335",2014-10-08,13,8.03268469694576
"336",2014-10-09,14,11.3163573914556
"337",2014-10-09,13,8.03032232249526
"338",2014-10-09,13,8.03032232249526
"339",2014-10-10,12,11.719351251064
"340",2014-10-10,10.5,8.04475405885583
"341",2014-10-10,10.5,8.04475405885583
"342",2014-10-13,12,11.4874483890661
"343",2014-10-13,10.5,8.03220345519268
"344",2014-10-13,9,12.6497113562797
"345",2014-10-13,10.5,8.03220345519268
"346",2014-10-14,11,8.32846970630254
"347",2014-10-14,11,8.32846970630254
"348",2014-10-15,11,8.33498408971672
"349",2014-10-15,11,8.33498408971672
"350",2014-10-16,12,10.6328713970168
"351",2014-10-16,11,7.71568722129931
"352",2014-10-16,10,9.47433751506519
"353",2014-10-16,11,7.71568722129931
"354",2014-10-17,10,8.8361498870704
"355",2014-10-17,9,7.53297897761383
"356",2014-10-17,8,8.57652682488706
"357",2014-10-17,9,7.53297897761383
"358",2014-10-20,10,8.77545557122865
"359",2014-10-20,8,8.42687535626984
"360",2014-10-20,9,7.51379495250156
"361",2014-10-21,9,7.09915469182719
"362",2014-10-22,10,6.97477986283857
"363",2014-10-22,9,7.1347965558074
"364",2014-10-22,8,7.03803188612171
"365",2014-10-23,10,6.97570667538411
"366",2014-10-23,9,7.14182068240092
"367",2014-10-23,8,7.05661449302813
"368",2014-10-23,9,7.14182068240092
"369",2014-10-24,10,6.97547072999401
"370",2014-10-24,8,7.05530946885969
"371",2014-10-24,9,7.14206064452774
"372",2014-10-27,10,6.97748251471269
"373",2014-10-27,8,7.05700374525576
"374",2014-10-27,9,7.13909751736803
"375",2014-10-28,10,7.11842172995967
"376",2014-10-28,8,7.08170796399694
"377",2014-10-29,10,7.10947137371821
"378",2014-10-29,8,6.08806889407396
"379",2014-10-30,10,7.11013045846822
"380",2014-10-30,8,6.14889883417058
"381",2014-10-31,10,7.11087963545352
"382",2014-10-31,8,6.61142779473299
"383",2014-11-03,10,7.11251052660794
"384",2014-11-03,8,6.24816242735828
"385",2014-11-04,10,6.98548339977961
"386",2014-11-04,8,7.37402693854324
"387",2014-11-05,10,9.84938486984389
"388",2014-11-05,8,7.85103555991837
"389",2014-11-06,10,9.84927530852254
"390",2014-11-06,8,7.92335601224284
"391",2014-11-07,10,8.35201150584182
"392",2014-11-07,8,8.43294552085749
"393",2014-11-10,10,8.35029526410754
"394",2014-11-10,8,8.41631335406591
"395",2014-11-11,8,7.78050181145968
"396",2014-11-11,8,7.78050181145968
"397",2014-11-12,8,7.77970128092524
"398",2014-11-12,8,7.77970128092524
"399",2014-11-13,8,7.75968979844252
"400",2014-11-14,9,7.52551392135208
"401",2014-11-14,8,7.02813456811183
"402",2014-11-18,9,7.84327577208345
"403",2014-11-18,8,7.80738696472153
"404",2014-11-19,8,7.95597716815413
"405",2014-11-19,7,7.89918948174682
"406",2014-11-20,7,8.04029705986482
"407",2014-11-21,7,8.30250176167299
"408",2014-11-24,7,8.34432582878621
"409",2014-11-24,8,8.22514092642892
"410",2014-11-25,7.5,8.70539818778109
"411",2014-11-26,7.5,8.78116450313563
"412",2014-11-27,7.5,8.91129697385854
"413",2014-11-28,6.5,9.15048372174631
"414",2014-12-01,6.5,9.06935315895281
"415",2014-12-02,6.5,8.83828508671373
"416",2014-12-02,5,7.39996912536352
"417",2014-12-03,6.5,6.66315435936822
"418",2014-12-04,6.5,6.6773403767116
"419",2014-12-05,6.5,7.33108145532776
"420",2014-12-08,6.5,7.43265969444294
"421",2014-12-08,5,5.47255709938953
"422",2014-12-09,3.5,6.09132917151849
"423",2014-12-09,5,5.67339444843757
"424",2014-12-10,3.5,5.92519548976659
"425",2014-12-11,3.5,5.93062731241455
"426",2014-12-12,4,4.68503926895798
"427",2014-12-15,4,4.88092369537865
"428",2014-12-15,5,5.51980592138046
"429",2014-12-16,5.5,8.27903995006355
"430",2014-12-16,5,8.1264508088725
"431",2014-12-17,4.5,6.98338855289481
"432",2014-12-18,4.5,7.00951836743726
"433",2014-12-19,4.5,6.50229758568261
"434",2014-12-22,4.5,7.83758673092402
"435",2014-12-22,5.5,9.39090664399257
"436",2014-12-22,5,8.57446974117623
"437",2014-12-23,4.5,7.87482149629072
"438",2014-12-23,5.5,9.64741845693745
"439",2014-12-24,4.5,7.4377890385771
"440",2014-12-24,5.5,8.44219916030283
"441",2014-12-26,5,6.34129204963358
"442",2014-12-29,5.5,7.08869422009617
"443",2014-12-29,6.5,6.72658681298492
"444",2014-12-29,6,6.30791678460498
"445",2014-12-29,6,6.30791678460498
"446",2014-12-30,5.5,6.81268630429217
"447",2014-12-30,6.5,6.95466125277396
"448",2014-12-30,6,6.84562180026964
"449",2015-01-05,6,5.72189245874917
"450",2015-01-05,6,5.72189245874917
"451",2015-01-05,6,5.72189245874917
"452",2015-01-06,6,6.06068491570813
"453",2015-01-06,6,6.06068491570813
"454",2015-01-07,6,5.96321693986626
"455",2015-01-07,6,5.96321693986626
"456",2015-01-08,6,6.00166462331594
"457",2015-01-12,5,6.68049103862529
"458",2015-01-12,5.75,6.17944496488628
"459",2015-01-12,5.75,6.17944496488628
"460",2015-01-13,5.75,6.19137052811362
"461",2015-01-14,5.75,5.76890060489902
"462",2015-01-16,6.5,6.48260981225252
"463",2015-01-16,5.75,5.7410237181518
"464",2015-01-19,5.75,5.67278641513635
"465",2015-01-19,5,6.14782908823436
"466",2015-01-19,5.75,5.67278641513635
"467",2015-01-20,5.75,5.57390867234357
"468",2015-01-20,5,5.92532909478758
"469",2015-01-20,5.75,5.57390867234357
"470",2015-01-21,5,5.95587380893685
"471",2015-01-21,6.5,5.89466250465412
"472",2015-01-22,5,5.75676004830473
"473",2015-01-22,6.5,5.92922439415818
"474",2015-01-23,5,6.01330048282193
"475",2015-01-23,6.5,5.63165815572862
"476",2015-01-26,5.75,5.84129586878241
"477",2015-01-26,5,6.71082867334281
"478",2015-01-26,6.5,5.88067506120078
"479",2015-01-27,5.75,5.7913502115494
"480",2015-01-27,5,6.55649912317594
"481",2015-01-27,6.5,6.2020288080787
"482",2015-01-28,5,5.52043760424137
"483",2015-01-28,6.5,6.64521780706964
"484",2015-01-29,5,5.24542958935961
"485",2015-01-29,6.5,6.64042351590874
"486",2015-01-30,5,5.94863902888904
"487",2015-01-30,6.5,6.64265255667709
"488",2015-02-03,6,6.12345107880949
"489",2015-02-03,5,7.44675094342255
"490",2015-02-03,7,6.80780440628393
"491",2015-02-04,6,6.68758291473119
"492",2015-02-05,4.5,6.73095329028987
"493",2015-02-05,6,6.77316393538019
"494",2015-02-06,4.5,6.90457465310839
"495",2015-02-06,6,6.75823797431181
"496",2015-02-09,5.25,6.66324778767534
"497",2015-02-09,4.5,6.90344470420222
"498",2015-02-09,6,6.74870552609403
"499",2015-02-10,5.25,6.48383314632578
"500",2015-02-10,4.5,6.53897776556514
"501",2015-02-10,6,6.72893355792941
"502",2015-02-11,5.25,6.57886960485186
"503",2015-02-11,4.5,6.71154032943089
"504",2015-02-11,6,6.73324689927055
"505",2015-02-12,4.5,6.8028622987007
"506",2015-02-12,6,6.73344185757
"507",2015-02-13,4.5,7.06421352488054
"508",2015-02-13,6,6.74622779659403
"509",2015-02-16,5.25,6.66911507200971
"510",2015-02-16,4.5,6.91289167898773
"511",2015-02-16,6,6.7482159627866
"512",2015-02-17,4.5,6.88352945658853
"513",2015-02-17,6,6.89703178790602
"514",2015-02-18,4.5,6.90713659187901
"515",2015-02-18,6,6.89656985745274
"516",2015-02-19,4.5,6.70017967280269
"517",2015-02-19,6,6.89409538724183
"518",2015-02-20,4.5,6.94209556011917
"519",2015-02-20,6,6.89146125315202
"520",2015-02-23,5.25,6.8293928255072
"521",2015-02-23,4.5,7.05853130517493
"522",2015-02-23,6,6.86738242974768
"523",2015-02-24,4.5,7.12298822802732
"524",2015-02-24,6,6.7910768152123
"525",2015-02-25,4.5,4.61622459481248
"526",2015-02-25,6,5.97738428818465
"527",2015-02-26,4.5,4.14183379429301
"528",2015-02-26,6,5.96931627113115
"529",2015-02-27,4,4.754547624346
"530",2015-02-27,6,6.10137173195718
"531",2015-03-02,4,4.16472940421413
"532",2015-03-02,6,6.09784456249193
"533",2015-03-03,4,4.44182448334439
"534",2015-03-03,6,6.10717044597991
"535",2015-03-04,4,4.70115405985471
"536",2015-03-04,6,6.00637987989669
"537",2015-03-05,4,4.67508981455699
"538",2015-03-05,6,5.98748133664733
"539",2015-03-06,4,4.65709176489399
"540",2015-03-06,6,6.04672588629325
"541",2015-03-09,4,4.60457523180007
"542",2015-03-09,6,4.88248610217512
"543",2015-03-10,4,4.21078646248314
"544",2015-03-10,6,5.14231931238812
"545",2015-03-11,4,4.41817783835743
"546",2015-03-11,6,4.80809977064265
"547",2015-03-12,4,4.43715876548298
"548",2015-03-12,6,4.82540732987494
"549",2015-03-13,4,4.45372341438163
"550",2015-03-13,4,4.45372341438163
"551",2015-03-17,4,4.1007743251891
"552",2015-03-18,5,4.57366436071772
"553",2015-03-19,5,4.57676099504756
"554",2015-03-19,5,4.57676099504756
"555",2015-03-20,5,4.58160721628803
"556",2015-03-20,5,4.58160721628803
"557",2015-03-23,5,6.38367237930832
"558",2015-03-23,5,6.38367237930832
"559",2015-03-24,6,5.50536138251105
"560",2015-03-25,6,5.84848989433743
"561",2015-03-26,4,4.07903734811707
"562",2015-03-26,6,5.73847159279194
"563",2015-03-26,5,4.69625006185486
"564",2015-03-30,4,4.08966939070718
"565",2015-03-30,6,5.81029780629923
"566",2015-03-31,6,6.1505141225107
"567",2015-04-01,6,6.1132422010277
"568",2015-04-01,5,4.78041962737727
"569",2015-04-06,4,4.0643960194509
"570",2015-04-06,6,6.04314681190324
"571",2015-04-07,6,6.05271327781974
"572",2015-04-08,6,6.04814502126108
"573",2015-04-08,5,4.76370378173072
"574",2015-04-09,5,4.76419865835832
"575",2015-04-09,4,4.21657486831214
"576",2015-04-09,6,6.04186494827979
"577",2015-04-09,5,4.76419865835832
"578",2015-04-28,5,4.16226913941467
"579",2015-04-28,5,4.16226913941467
"580",2015-04-29,5,4.10015679103284
"581",2015-04-29,5,4.10015679103284
"582",2015-04-30,5,3.75485683749945
"583",2015-04-30,5,3.75485683749945
"584",2015-05-04,5,3.64381539610269
"585",2015-05-04,5,3.64381539610269
"586",2015-05-06,5,3.53655891833363
"587",2015-05-06,5,3.53655891833363
"588",2015-05-06,5,3.53655891833363
"589",2015-05-07,5,3.49463819671818
"590",2015-05-07,5,3.49463819671818
"591",2015-05-07,5,3.49463819671818
"592",2015-05-11,4.5,3.82121340407199
"593",2015-05-11,4.5,3.82121340407199
"594",2015-05-12,4.5,3.77978266401712
"595",2015-05-12,4.5,3.77978266401712
"596",2015-05-13,4.5,3.76136378327962
"597",2015-05-13,4.5,3.76136378327962
"598",2015-05-14,4.5,3.75646184337941
"599",2015-05-14,4.5,3.75646184337941
"600",2015-05-15,4.5,3.48107435490397
"601",2015-05-18,4.5,3.42241864355409
"602",2015-05-18,4.5,3.42241864355409
"603",2015-05-19,4.5,3.75980318439952
"604",2015-05-20,4.5,4.37461142074349
"605",2015-05-20,4.5,4.37461142074349
"606",2015-05-21,4.5,4.35580564379844
"607",2015-05-22,4.5,4.29943341960158
"608",2015-05-25,4.5,4.14824067055786
"609",2015-05-25,4.5,4.14824067055786
"610",2015-05-26,4,4.44717769375065
"611",2015-05-26,4,4.44717769375065
"612",2015-05-27,4,4.49078456884205
"613",2015-05-28,4,4.47073115811898
"614",2015-06-01,4.5,4.37437877059433
"615",2015-06-01,4.5,4.37437877059433
"616",2015-06-01,4.5,4.37437877059433
"617",2015-06-02,4.5,3.92937037655655
"618",2015-06-02,4.5,3.92937037655655
"619",2015-06-02,4.5,3.92937037655655
"620",2015-06-03,4.5,6.19356775927597
"621",2015-06-04,4.5,6.18380383064379
"622",2015-06-05,4.5,6.117346665927
"623",2015-06-05,4.5,6.117346665927
"624",2015-06-05,4.5,6.117346665927
"625",2015-06-08,4.5,4.09226514596226
"626",2015-06-08,4.5,4.09226514596226
"627",2015-06-09,5,4.11393162762884
"628",2015-06-09,5,4.11393162762884
"629",2015-06-10,5,4.1470802559356
"630",2015-06-11,5,4.13181253853585
"631",2015-06-12,5,4.05671981494776
"632",2015-06-12,5,4.05671981494776
"633",2015-06-15,5,4.00812618573446
"634",2015-06-15,5,4.00812618573446
"635",2015-06-15,5,4.00812618573446
"636",2015-06-16,5,4.09221190912768
"637",2015-06-16,5,4.09221190912768
"638",2015-06-17,5,5.02799926436183
"639",2015-06-17,5,5.02799926436183
"640",2015-06-19,5,5.12063553322794
"641",2015-06-22,5,4.98712515657207
"642",2015-06-22,5,4.98712515657207
"643",2015-06-23,5,4.98361913816932
"644",2015-06-24,5,5.02674063175992
"645",2015-06-26,7,5.8451477022823
"646",2015-06-29,7,5.93282338076196
"647",2015-06-29,7,5.93282338076196
"648",2015-06-30,7,5.91778616603522
"649",2015-07-01,7,5.98648240785368
"650",2015-07-03,7.5,6.01322901564623
"651",2015-07-03,7.5,6.01322901564623
"652",2015-07-06,7.5,6.12763235954131
"653",2015-07-06,7.5,6.12763235954131
"654",2015-07-06,7.5,6.12763235954131
"655",2015-07-07,7.5,5.99294393663827
"656",2015-07-08,7.5,5.88674934816663
"657",2015-07-09,7.5,5.87342691150268
"658",2015-07-09,7.5,5.87342691150268
"659",2015-07-10,7.5,5.85830706185531
"660",2015-07-10,7.5,5.85830706185531
"661",2015-07-10,7.5,5.85830706185531
"662",2015-07-13,7.5,5.75268222506469
"663",2015-07-13,7.5,5.75268222506469
"664",2015-07-14,7.5,5.76179822603744
"665",2015-07-15,7.5,7.3527735533256
"666",2015-07-16,7.5,7.34024387473953
"667",2015-07-16,7.5,7.34024387473953
"668",2015-07-17,7.5,7.07714857230357
"669",2015-07-17,7.5,7.07714857230357
"670",2015-07-17,7.5,7.07714857230357
"671",2015-07-20,7.5,7.13270420491014
"672",2015-07-20,7.5,7.13270420491014
"673",2015-07-21,6.5,6.40687484417756
"674",2015-07-22,6.5,6.40904293695823
"675",2015-07-23,6.5,6.71142433687953
"676",2015-07-23,6.5,6.71142433687953
"677",2015-07-24,6.5,6.21106852703795
"678",2015-07-24,6.5,6.21106852703795
"679",2015-07-27,6.5,6.2251700663867
"680",2015-07-27,6.5,6.2251700663867
"681",2015-07-28,6.5,6.2192976805796
"682",2015-07-29,6.5,6.18057486929492
"683",2015-07-30,6.5,6.19257228539229
"684",2015-07-30,6.5,6.19257228539229
"685",2015-07-31,5.5,6.10533963895314
"686",2015-07-31,5.5,6.10533963895314
"687",2015-08-03,5.5,5.96868186573935
"688",2015-08-03,5.5,5.96868186573935
"689",2015-08-04,5.5,5.94559547031434
"690",2015-08-05,5.5,5.86001545017836
"691",2015-08-05,5.5,5.86001545017836
"692",2015-08-06,5.5,5.92232587413732
"693",2015-08-06,5.5,5.92232587413732
"694",2015-08-07,5.5,6.03705401062104
"695",2015-08-07,5.5,6.03705401062104
"696",2015-08-10,5.5,6.18780101569719
"697",2015-08-10,5.5,6.18780101569719
"698",2015-08-11,5.5,6.5379846348292
"699",2015-08-11,5.5,6.5379846348292
"700",2015-08-12,5.5,5.65136451000761
"701",2015-08-12,5.5,5.65136451000761
"702",2015-08-13,5.5,6.93649437197022
"703",2015-08-13,5.5,6.93649437197022
"704",2015-08-14,5.5,5.57974247773107
"705",2015-08-14,5.5,5.57974247773107
"706",2015-08-17,5.5,5.57767863044957
"707",2015-08-17,5.5,5.57767863044957
"708",2015-08-18,7,6.11621555468123
"709",2015-08-18,7,6.11621555468123
"710",2015-08-19,7,6.11108402169539
"711",2015-08-19,7,6.11108402169539
"712",2015-08-20,7,6.10730966718256
"713",2015-08-20,7,6.10730966718256
"714",2015-08-21,7,6.68988018659765
"715",2015-08-21,7,6.68988018659765
"716",2015-08-24,7,7.77215701205919
"717",2015-08-24,7,7.77215701205919
"718",2015-08-25,9,7.39473112988496
"719",2015-08-26,9,7.39473112988496
"720",2015-08-26,9,7.39473112988496
"721",2015-08-27,9,7.4134037874201
"722",2015-08-27,9,7.4134037874201
"723",2015-08-28,9,7.39239736629599
"724",2015-08-28,9,7.39239736629599
"725",2015-08-31,9,7.49666844662416
"726",2015-08-31,9,7.49666844662416
"727",2015-09-01,9,6.86591526731027
"728",2015-09-01,9,6.86591526731027
"729",2015-09-02,9,6.8816611456726
"730",2015-09-02,9,6.8816611456726
"731",2015-09-03,9,6.86711952222236
"732",2015-09-03,9,6.86711952222236
"733",2015-09-04,9,6.9089633677921
"734",2015-09-04,9,6.9089633677921
"735",2015-09-07,9,7.06865466219592
"736",2015-09-07,9,7.06865466219592
"737",2015-09-08,9,6.7759303867243
"738",2015-09-08,9,6.7759303867243
"739",2015-09-09,9,8.86517123019973
"740",2015-09-09,9,8.86517123019973
"741",2015-09-10,9,8.87176918536934
"742",2015-09-10,9,8.87176918536934
"743",2015-09-11,9,8.86081990762781
"744",2015-09-11,9,8.86081990762781
"745",2015-09-14,9,7.91658853288316
"746",2015-09-14,9,7.91658853288316
"747",2015-09-15,9.5,7.08313618690338
"748",2015-09-15,9.5,7.08313618690338
"749",2015-09-17,9.5,6.94319995202927
"750",2015-09-17,9.5,6.94319995202927
"751",2015-09-18,9.5,6.93596750466532
"752",2015-09-18,9.5,6.93596750466532
"753",2015-09-21,9.5,7.47789499218963
"754",2015-09-21,9.5,7.47789499218963
"755",2015-09-22,9,7.09114502616484
"756",2015-09-22,9,7.09114502616484
"757",2015-09-23,9,7.09239865066287
"758",2015-09-23,9,7.09239865066287
"759",2015-09-24,9,7.09303884421536
"760",2015-09-24,9,7.09303884421536
"761",2015-09-25,10,7.05670807446779
"762",2015-09-25,10,7.05670807446779
"763",2015-09-28,10,6.98239444069496
"764",2015-09-28,10,6.98239444069496
"765",2015-09-29,11,8.27881792946629
"766",2015-09-29,11,8.27881792946629
"767",2015-09-30,11,8.27828623640379
"768",2015-09-30,11,8.27828623640379
"769",2015-10-01,11,8.27717815671764
"770",2015-10-01,11,8.27717815671764
"771",2015-10-02,11,9.70445690081157
"772",2015-10-02,11,9.70445690081157
"773",2015-10-05,11,9.60362632710676
"774",2015-10-05,11,9.60362632710676
"775",2015-10-05,11,9.60362632710676
"776",2015-10-06,11,8.48053490154833
"777",2015-10-06,11,8.48053490154833
"778",2015-10-07,11,11.3140723698436
"779",2015-10-07,11,11.3140723698436
"780",2015-10-07,11,11.3140723698436
"781",2015-10-08,11,11.3367374898439
"782",2015-10-09,13.5,10.2406335619053
"783",2015-10-09,15,11.346145972443
"784",2015-10-09,13.5,10.2406335619053
"785",2015-10-12,15,11.4171264878326
"786",2015-10-12,13.5,10.1524261757601
"787",2015-10-13,12.5,10.5686109156796
"788",2015-10-13,11,10.1744020212957
"789",2015-10-13,12.5,10.5686109156796
"790",2015-10-14,12.5,10.1077452927854
"791",2015-10-14,14,8.99279832521213
"792",2015-10-14,11,10.1616145284914
"793",2015-10-14,12.5,10.1077452927854
"794",2015-10-15,12.5,10.5675290193637
"795",2015-10-15,14,9.61138973506172
"796",2015-10-15,12.5,10.5675290193637
"797",2015-10-16,12.5,9.51495269651433
"798",2015-10-16,11,10.5261361354033
"799",2015-10-19,12.5,9.49715351388429
"800",2015-10-19,11,10.4422666552281
"801",2015-10-19,12.5,9.49715351388429
"802",2015-10-20,12.5,6.96384771650271
"803",2015-10-20,11,7.36236461332372
"804",2015-10-20,12.5,6.96384771650271
"805",2015-10-21,8,7.36236461332372
"806",2015-10-21,9.5,6.96409660034355
"807",2015-10-22,9.5,6.96413875699896
"808",2015-10-22,11,6.95587780193284
"809",2015-10-22,8,7.36232843729794
"810",2015-10-23,9.5,6.94831238484589
"811",2015-10-23,8,7.4909192639134
"812",2015-10-26,9.5,6.94899658428109
"813",2015-10-26,8,7.49553694067331
"814",2015-10-26,9.5,6.94899658428109
"815",2015-10-27,13.5,8.2687590806084
"816",2015-10-27,12,9.08393265842208
"817",2015-10-27,13.5,8.2687590806084
"818",2015-10-28,13.5,8.26882374521531
"819",2015-10-28,12,9.08187131213651
"820",2015-10-29,13.5,8.26886603235013
"821",2015-10-29,12,9.0802668619507
"822",2015-10-30,12.5,8.45132750692125
"823",2015-10-30,11,9.25992174199024
"824",2015-11-03,12.5,8.54657073885316
"825",2015-11-03,11,9.83094227470406
"826",2015-11-04,11.5,12.0774934745561
"827",2015-11-04,10,10.8494713309672
"828",2015-11-05,11.5,12.1060835285346
"829",2015-11-05,10,10.8427114766348
"830",2015-11-06,11.5,9.21583552557349
"831",2015-11-06,10,9.37737446356595
"832",2015-11-09,11.5,9.20234423355798
"833",2015-11-09,10,9.37096093743802
"834",2015-11-10,10.5,11.1312966832335
"835",2015-11-10,10.5,11.1312966832335
"836",2015-11-11,10.5,11.3478485315348
"837",2015-11-11,10.5,11.3478485315348
"838",2015-11-12,10.5,11.1241526101282
"839",2015-11-12,10.5,11.1241526101282
"840",2015-11-13,9,8.7020254455183
"841",2015-11-17,9,9.03662254570251
"842",2015-11-18,7,9.03423188643232
"843",2015-11-19,7,8.8477812392712
"844",2015-11-20,7,8.811475183841
"845",2015-11-23,7,8.81706151472858
"846",2015-11-24,7,9.4783971047201
"847",2015-11-24,7,9.4783971047201
"848",2015-11-25,7,9.80341082787972
"849",2015-11-26,7,9.95371858967779
"850",2015-11-27,7,8.86310243075131
"851",2015-11-30,7,8.85162981005988
"852",2015-12-01,7,8.65950501038241
"853",2015-12-02,7,7.62280480942454
"854",2015-12-02,7,7.62280480942454
"855",2015-12-03,7,7.62003867366109
"856",2015-12-03,7,7.62003867366109
"857",2015-12-04,8,7.13216006177808
"858",2015-12-07,8,7.1096592306905
"859",2015-12-07,8,7.1096592306905
"860",2015-12-08,8,7.15256778008591
"861",2015-12-08,8,7.15256778008591
"862",2015-12-09,8,7.29580142372283
"863",2015-12-09,8,7.29580142372283
"864",2015-12-10,8,7.36061461785046
"865",2015-12-11,8,7.02293442811808
"866",2015-12-14,8,7.05972991283926
"867",2015-12-14,8,7.05972991283926
"868",2015-12-15,11,7.65353700861616
"869",2015-12-15,10,6.97977383388569
"870",2015-12-16,11,7.43002856898342
"871",2015-12-16,10,6.5909278941146
"872",2015-12-17,11,7.4311148141942
"873",2015-12-18,11,7.1830794347817
"874",2015-12-21,11,6.810595742726
"875",2015-12-21,10,7.759064958384
"876",2015-12-21,11,6.810595742726
"877",2015-12-22,11,6.76767148873769
"878",2015-12-22,10,7.27862654565004
"879",2015-12-22,11,6.76767148873769
"880",2015-12-23,11,6.31281941771823
"881",2015-12-23,10,6.93992151516343
"882",2015-12-24,11,6.27923682097656
"883",2015-12-24,10,6.98429040556232
"884",2015-12-28,11,5.90350532504001
"885",2015-12-28,10,6.82541184420609
"886",2015-12-28,11,5.90350532504001
"887",2015-12-29,11,6.48068529068057
"888",2015-12-29,10,6.97222733751086
"889",2015-12-29,11,6.48068529068057
"890",2016-01-04,11,9.40157981706529
"891",2016-01-05,11,7.62652980661914
"892",2016-01-06,8,6.3622909447456
"893",2016-01-06,8,6.3622909447456
"894",2016-01-07,8,6.31956160498298
"895",2016-01-07,8,6.31956160498298
"896",2016-01-08,13,6.37688159528982
"897",2016-01-08,16,7.42820472327632
"898",2016-01-11,14.5,6.52998713968928
"899",2016-01-11,13,6.30792598995344
"900",2016-01-11,16,6.61163176592556
"901",2016-01-12,14,8.2537397217831
"902",2016-01-13,14,8.36454558517424
"903",2016-01-13,15,7.78937834234563
"904",2016-01-14,13,7.69473560809256
"905",2016-01-14,15,7.78880423096129
"906",2016-01-15,13,7.69565912272195
"907",2016-01-15,16,7.78851535240158
"908",2016-01-18,13,7.6804354054872
"909",2016-01-18,16,7.76675587139302
"910",2016-01-19,20.5,7.43913958873613
"911",2016-01-20,18,7.39516389165273
"912",2016-01-20,23,7.86615244077044
"913",2016-01-21,18,7.40546724047994
"914",2016-01-21,23,7.86421370628173
"915",2016-01-22,17,7.56679979879613
"916",2016-01-22,20,7.79829619567268
"917",2016-01-25,17,7.50025854338398
"918",2016-01-25,20,7.85840621707588
"919",2016-01-26,19,7.55010436768664
"920",2016-01-26,21,7.4490420220908
"921",2016-01-27,17,17.0234975689623
"922",2016-01-27,21,21.9566286188561
"923",2016-01-28,17,17.0122271111075
"924",2016-01-28,21,21.8815697852108
"925",2016-01-29,16,17.3056444007448
"926",2016-01-29,19,20.2812651192236
"927",2016-02-02,17.5,17.8060614805812
"928",2016-02-02,19,17.3307790353187
"929",2016-02-03,17.5,10.3153908778633
"930",2016-02-03,19,8.7019233544854
"931",2016-02-04,16,11.1191730268066
"932",2016-02-04,19,8.71101468065675
"933",2016-02-05,16,12.0922645410341
"934",2016-02-05,19,10.0136146307376
"935",2016-02-08,16,10.1966502478164
"936",2016-02-08,19,8.50565748285462
"937",2016-02-09,18,9.67200899379409
"938",2016-02-09,18,9.67200899379409
"939",2016-02-10,18,8.34454233926277
"940",2016-02-10,18,8.34454233926277
"941",2016-02-11,18,8.12247624847688
"942",2016-02-11,18,8.12247624847688
"943",2016-02-12,18,9.43050502690292
"944",2016-02-12,18,9.43050502690292
"945",2016-02-15,18,9.37757341641712
"946",2016-02-15,18,9.37757341641712
"947",2016-02-16,16,7.40412418044005
"948",2016-02-16,16,7.40412418044005
"949",2016-02-17,16,7.40412499669316
"950",2016-02-17,16,7.40412499669316
"951",2016-02-18,16,7.4041249034885
"952",2016-02-18,16,7.4041249034885
"953",2016-02-19,16,7.43592771351515
"954",2016-02-19,16,7.43592771351515
"955",2016-02-22,16,7.44062498477134
"956",2016-02-22,16,7.44062498477134
"957",2016-02-23,14,7.4132276525527
"958",2016-02-23,14,7.4132276525527
"959",2016-02-24,14,13.8293288929632
"960",2016-02-24,14,13.8293288929632
"961",2016-02-25,14,13.8187915457181
"962",2016-02-25,14,13.8187915457181
"963",2016-02-26,16,13.5655369634324
"964",2016-02-26,16,13.5655369634324
"965",2016-02-29,16,14.1373444909893
"966",2016-02-29,16,14.1373444909893
"967",2016-03-01,12,12.1460284370416
"968",2016-03-01,12,12.1460284370416
"969",2016-03-02,12,11.7547383209965
"970",2016-03-02,12,11.7547383209965
"971",2016-03-03,12,11.7547383209965
"972",2016-03-03,12,11.7547383209965
"973",2016-03-04,10,11.3369379139771
"974",2016-03-04,10,11.3369379139771
"975",2016-03-04,10,11.3369379139771
"976",2016-03-07,10,11.3795546605822
"977",2016-03-07,10,11.3795546605822
"978",2016-03-08,11,11.9105657993225
"979",2016-03-08,11,11.9105657993225
"980",2016-03-09,11,11.8984204681201
"981",2016-03-09,11,11.8984204681201
"982",2016-03-10,11,11.8320305277288
"983",2016-03-11,12,10.3118664575304
"984",2016-03-11,12,10.3118664575304
"985",2016-03-11,12,10.3118664575304
"986",2016-03-14,12,10.6182520642214
"987",2016-03-14,12,10.6182520642214
"988",2016-03-15,9,7.85742522908565
"989",2016-03-15,9,7.85742522908565
"990",2016-03-16,9,7.87111251839829
"991",2016-03-16,9,7.87111251839829
"992",2016-03-17,9,7.86739979523298
"993",2016-03-17,9,7.86739979523298
"994",2016-03-17,9,7.86739979523298
"995",2016-03-18,7.5,8.01756228452365
"996",2016-03-18,7.5,8.01756228452365
"997",2016-03-18,7.5,8.01756228452365
"998",2016-03-22,7.5,7.08472927870856
"999",2016-03-22,7.5,7.08472927870856
"1000",2016-03-23,6.5,7.60847547056395
"1001",2016-03-23,6.5,7.60847547056395
"1002",2016-03-28,6.5,7.59453104436876
"1003",2016-03-28,6.5,7.59453104436876
"1004",2016-03-28,6.5,7.59453104436876
"1005",2016-03-29,6.5,7.409903055587
"1006",2016-03-29,6.5,7.409903055587
"1007",2016-03-30,6.5,7.409903055587
"1008",2016-03-30,6.5,7.409903055587
"1009",2016-03-31,6.5,7.40997834743686
"1010",2016-03-31,6.5,7.40997834743686
"1011",2016-04-04,6.5,7.32282193084898
"1012",2016-04-04,6.5,7.32282193084898
"1013",2016-04-05,5.5,7.39243128433939
"1014",2016-04-05,5.5,7.39243128433939
"1015",2016-04-05,5.5,7.39243128433939
"1016",2016-04-06,5.5,7.39261393444232
"1017",2016-04-06,5.5,7.39261393444232
"1018",2016-04-07,5.5,7.39252625169509
"1019",2016-04-08,5,7.63033378076791
"1020",2016-04-08,5,7.63033378076791
"1021",2016-04-11,5,7.61348871175405
"1022",2016-04-11,5,7.61348871175405
"1023",2016-04-11,5,7.61348871175405
"1024",2016-04-12,5,6.9004471069342
"1025",2016-04-13,5,6.89751030073207
"1026",2016-04-14,5,6.89751030073207
"1027",2016-04-18,4.5,6.88244567604986
"1028",2016-04-18,4.5,6.88244567604986
"1029",2016-04-19,4.5,6.02588751714185
"1030",2016-04-19,4.5,6.02588751714185
"1031",2016-04-20,4.5,4.62831103486056
"1032",2016-04-20,4.5,4.62831103486056
"1033",2016-04-21,4.5,4.62572815390135
"1034",2016-04-21,4.5,4.62572815390135
"1035",2016-04-25,4.5,5.49126657367627
"1036",2016-04-26,6,4.38726693487098
"1037",2016-04-26,6,4.38726693487098
"1038",2016-04-27,6,4.77427803756989
"1039",2016-04-27,6,4.77427803756989
"1040",2016-04-28,6,4.77650802034562
"1041",2016-05-03,6.25,3.97481467829841
"1042",2016-05-04,5.5,4.52208943994957
"1043",2016-05-04,6.25,4.16593898422562
"1044",2016-05-06,6.25,4.90769975748846
"1045",2016-05-09,5.5,5.04970282705839
"1046",2016-05-10,6,3.32156335884814
"1047",2016-05-10,6,3.32156335884814
"1048",2016-05-11,6,3.313817170111
"1049",2016-05-12,6,3.31426230426777
"1050",2016-05-12,5,3.9947224695764
"1051",2016-05-13,8,3.2483746330616
"1052",2016-05-13,6,4.04256851329339
"1053",2016-05-16,7,3.58636877132505
"1054",2016-05-17,7.25,3.90538537877635
"1055",2016-05-18,7.25,6.59121978773445
"1056",2016-05-18,7.25,6.59121978773445
"1057",2016-05-19,8,7.29612688913081
"1058",2016-05-19,6.5,5.81593270883424
"1059",2016-05-23,7,5.27025854181945
"1060",2016-05-25,6.25,4.22732226375383
"1061",2016-05-25,6.25,4.22732226375383
"1062",2016-05-27,6.5,5.47708745604367
"1063",2016-05-27,5,4.64256551095941
"1064",2016-05-30,5.75,4.78163109718206
"1065",2016-05-31,4.75,4.67136991278402
"1066",2016-05-31,4,4.75510111890419
"1067",2016-06-01,4.75,4.73206190760919
"1068",2016-06-01,4,4.87892758119439
"1069",2016-06-02,5.5,5.21153166747986
"1070",2016-06-03,6,5.09808974431939
"1071",2016-06-03,5,4.98210217267684
"1072",2016-06-06,5.5,4.94463829996599
"1073",2016-06-07,5.25,5.37390772865893
"1074",2016-06-08,5.25,5.38394378804977
"1075",2016-06-08,4.5,5.40534183195587
"1076",2016-06-09,6,5.62151481368915
"1077",2016-06-10,6,6.18559328330907
"1078",2016-06-10,4.5,5.84662987115832
"1079",2016-06-13,6,6.22418385549222
"1080",2016-06-13,4.5,5.82448571650078
"1081",2016-06-15,6.5,6.24278981755925
"1082",2016-06-15,5.5,5.66361651538897
"1083",2016-06-16,6.5,6.26073884288793
"1084",2016-06-16,5.5,5.66144039444605
"1085",2016-06-17,6.5,5.77265436062186
"1086",2016-06-17,5,3.75804387521372
"1087",2016-06-20,6.5,5.83027396005874
"1088",2016-06-20,5,3.76770426780298
"1089",2016-06-22,6.5,7.43864000665007
"1090",2016-06-22,5,6.08251399480119
"1091",2016-06-23,6.5,7.48419639172339
"1092",2016-06-23,5,6.08561921244498
"1093",2016-06-24,6.5,8.03659404925183
"1094",2016-06-24,5,6.75206326275139
"1095",2016-06-27,6.5,7.87866239661325
"1096",2016-06-27,5,6.75189840527422
"1097",2016-06-29,6,7.94765018439955
"1098",2016-06-29,4.5,6.98203073465044
"1099",2016-06-30,6,7.93873914799041
"1100",2016-06-30,4.5,7.02859855923042
"1101",2016-07-01,6,7.67963565873764
"1102",2016-07-01,4.5,7.70888455208676
"1103",2016-07-04,6,7.64572276603749
"1104",2016-07-04,4.5,6.57992369173367
"1105",2016-07-05,6,7.33965367598628
"1106",2016-07-06,6,7.32313568153313
"1107",2016-07-06,5,6.19081718159137
"1108",2016-07-07,6,7.31759950840099
"1109",2016-07-07,5,6.20449934492578
"1110",2016-07-08,6,7.6549377353761
"1111",2016-07-08,5,6.59115433161884
"1112",2016-07-11,6,7.6330094427076
"1113",2016-07-11,5,6.60225202117972
"1114",2016-07-12,6.5,7.36379397742605
"1115",2016-07-13,6.5,6.44502473866657
"1116",2016-07-13,5.5,5.35767025353834
"1117",2016-07-14,6.5,6.45963344610088
"1118",2016-07-14,5.5,5.39116818797731
"1119",2016-07-15,6.5,6.64233374065166
"1120",2016-07-15,5.5,4.97223452256291
"1121",2016-07-18,6.5,6.6207042149547
"1122",2016-07-18,5.5,5.08179034256512
"1123",2016-07-19,6,6.68361823356046
"1124",2016-07-19,5,4.58030599912677
"1125",2016-07-20,6,6.67082418353618
"1126",2016-07-20,5,4.59386991054002
"1127",2016-07-21,6,6.66228245677228
"1128",2016-07-21,5,4.61300118640946
"1129",2016-07-22,6,6.90594975209149
"1130",2016-07-22,5,4.6585171609425
"1131",2016-07-25,6,6.89395760143833
"1132",2016-07-25,5,4.72026758895857
"1133",2016-07-26,6,7.04067968126502
"1134",2016-07-26,4.5,4.50182816687474
"1135",2016-07-27,6,7.01220481631977
"1136",2016-07-27,4.5,4.63159281095132
"1137",2016-07-28,6,6.99494600483977
"1138",2016-07-28,4.5,5.11997258652924
"1139",2016-07-29,5,7.189476010647
"1140",2016-07-29,4,5.3784368654866
"1141",2016-08-01,5,6.83339228646804
"1142",2016-08-01,4,5.68551539809945
"1143",2016-08-02,5,6.72172808302808
"1144",2016-08-03,5,6.71833798708121
"1145",2016-08-03,4,5.95747746896892
"1146",2016-08-04,5,6.62608397188903
"1147",2016-08-04,4,5.97561836702215
"1148",2016-08-05,5,6.61860276695034
"1149",2016-08-05,4,6.00749555745887
"1150",2016-08-08,5,6.62017149361921
"1151",2016-08-08,4,5.90774859446098
"1152",2016-08-09,5,6.31768369727435
"1153",2016-08-09,4,6.06044344237687
"1154",2016-08-10,5,5.1682639406599
"1155",2016-08-10,4,4.16785550563656
"1156",2016-08-11,5,5.17041946013383
"1157",2016-08-11,4,4.16724637132833
"1158",2016-08-12,5,5.4414614120077
"1159",2016-08-12,4,4.07125099700773
"1160",2016-08-15,5,5.59667065349423
"1161",2016-08-15,4,4.11687247305014
"1162",2016-08-16,5,6.62454125819559
"1163",2016-08-16,4,4.87981240513915
"1164",2016-08-17,5,6.62439824508933
"1165",2016-08-17,4,4.88272713207864
"1166",2016-08-18,8,6.62433246802193
"1167",2016-08-18,6,4.88023765589446
"1168",2016-08-19,8,6.6305217930985
"1169",2016-08-19,6,4.88485570426285
"1170",2016-08-22,8,6.8126389909775
"1171",2016-08-22,6,4.92127032099082
"1172",2016-08-23,7,7.4655636110762
"1173",2016-08-23,6,6.14106689417576
"1174",2016-08-24,7,8.4550549729263
"1175",2016-08-24,6,6.15689164956016
"1176",2016-08-25,7,8.46924011656592
"1177",2016-08-25,6,6.15589125271906
"1178",2016-08-26,7,8.28259693758074
"1179",2016-08-26,6,6.38635988933833
"1180",2016-08-29,7,8.2980952522095
"1181",2016-08-29,6,6.44421719492402
"1182",2016-08-30,8,8.26186299650997
"1183",2016-08-30,6,6.76970586341294
"1184",2016-08-31,8,8.26986664998334
"1185",2016-08-31,6,6.79778848007044
"1186",2016-09-01,8,8.26986664998334
"1187",2016-09-01,6,6.80688659853076
"1188",2016-09-02,8,8.55586352849438
"1189",2016-09-02,6,6.83736978359999
"1190",2016-09-05,8,8.59567482907101
"1191",2016-09-05,6,6.87581118204805
"1192",2016-09-06,7.5,8.71963885743972
"1193",2016-09-06,5,6.99123255115034
"1194",2016-09-07,7.5,7.76648920932746
"1195",2016-09-07,5,5.171235140978
"1196",2016-09-08,7.5,7.32672702515822
"1197",2016-09-08,5,5.17628506002115
"1198",2016-09-09,7.5,7.56649820675661
"1199",2016-09-09,5,5.1811604229358
"1200",2016-09-12,7.5,7.88449589814655
"1201",2016-09-12,5,5.21940507238556
"1202",2016-09-13,7,6.13776796924909
"1203",2016-09-13,7,6.13776796924909
"1204",2016-09-14,7,6.14377959851561
"1205",2016-09-14,7,6.14377959851561
"1206",2016-09-15,7,6.77769682456458
"1207",2016-09-19,7,6.88064941489924
"1208",2016-09-19,7,6.88064941489924
"1209",2016-09-20,7,6.64249443246197
"1210",2016-09-20,7,6.64249443246197
"1211",2016-09-21,7,7.85239608803157
"1212",2016-09-21,7,7.85239608803157
"1213",2016-09-22,7,8.4367404027562
"1214",2016-09-22,7,8.4367404027562
"1215",2016-09-23,7,8.24693093963629
"1216",2016-09-23,7,8.24693093963629
"1217",2016-09-26,7,8.87372942465622
"1218",2016-09-26,7,8.87372942465622
"1219",2016-09-27,7,7.68319291501587
"1220",2016-09-27,7,7.68319291501587
"1221",2016-09-28,7,7.67432508332341
"1222",2016-09-28,7,7.67432508332341
"1223",2016-09-29,7,7.68220173693115
"1224",2016-09-30,7,7.68490584317576
"1225",2016-09-30,7,7.68490584317576
"1226",2016-10-03,8,10.5862388891896
"1227",2016-10-03,7,7.70496963528921
"1228",2016-10-03,7,7.70496963528921
"1229",2016-10-04,7,7.80233577493082
"1230",2016-10-04,7,7.80233577493082
"1231",2016-10-05,7,7.22894906881754
"1232",2016-10-05,6,6.18657202695833
"1233",2016-10-06,7,7.22641001134967
"1234",2016-10-07,8,7.39983782195772
"1235",2016-10-10,9,8.44561879343643
"1236",2016-10-10,8,7.41557241164052
"1237",2016-10-11,8,7.66235304185736
"1238",2016-10-11,7,6.47766411757666
"1239",2016-10-12,9,8.95179921805116
"1240",2016-10-12,8,7.66361545348829
"1241",2016-10-12,7,6.48540819466917
"1242",2016-10-13,8,7.52087154385264
"1243",2016-10-13,7,6.93017891691665
"1244",2016-10-14,8,7.35677624508655
"1245",2016-10-14,7,7.46969367924915
"1246",2016-10-17,9,9.04627862962652
"1247",2016-10-17,7,6.59700592171333
"1248",2016-10-18,6.25,7.23301814595333
"1249",2016-10-18,5.5,6.25956378813687
"1250",2016-10-19,7,7.51906492927107
"1251",2016-10-19,6.25,6.35854965394547
"1252",2016-10-19,5.5,5.07997841989923
"1253",2016-10-20,5.5,5.08094120329192
"1254",2016-10-21,8,7.36486052639723
"1255",2016-10-21,6.5,6.27222458460434
"1256",2016-10-21,5,5.08243061535328
"1257",2016-10-24,8,7.25228804831131
"1258",2016-10-24,5,5.06836188853678
"1259",2016-10-25,7,9.08468308130839
"1260",2016-10-25,5,6.97385659273619
"1261",2016-10-26,7,9.08448340561032
"1262",2016-10-26,5,7.36975338152182
"1263",2016-10-27,7,9.08448340561032
"1264",2016-10-27,5,7.25361032111494
"1265",2016-10-28,7,8.92099531663548
"1266",2016-10-28,5,6.48545207959386
"1267",2016-10-31,7,8.92293997135891
"1268",2016-10-31,5,7.59612140284336
"1269",2016-11-01,5,6.34834906989145
"1270",2016-11-01,6,6.98633884394456
"1271",2016-11-03,7,7.46569248379287
"1272",2016-11-03,5,5.1320551528954
"1273",2016-11-04,7,9.09674122637368
"1274",2016-11-04,5,6.68524032647001
"1275",2016-11-07,5,6.52086823061358
"1276",2016-11-08,5,6.48774767847636
"1277",2016-11-08,6,6.83437414679133
"1278",2016-11-09,5,6.9992884502185
"1279",2016-11-09,6,6.86720453388784
"1280",2016-11-10,5,6.39121398356308
"1281",2016-11-10,6,6.63868585404864
"1282",2016-11-11,5,6.52720001169102
"1283",2016-11-11,6,6.83225648113402
"1284",2016-11-11,5,6.52720001169102
"1285",2016-11-14,6,7.14626356678084
"1286",2016-11-15,6,6.23108343968094
"1287",2016-11-16,6,7.340369678657
"1288",2016-11-17,6,7.34058076123329
"1289",2016-11-17,5.5,7.39306140471936
"1290",2016-11-18,6,7.56007182064923
"1291",2016-11-22,6,6.86180415268551
"1292",2016-11-22,5.5,6.99223680607838
"1293",2016-11-22,5,6.94117726920167
"1294",2016-11-23,6,6.79463302281086
"1295",2016-11-23,5.5,6.92980025111204
"1296",2016-11-23,5,6.94602829548298
"1297",2016-11-24,5,6.79336008240428
"1298",2016-11-24,4.75,7.0192699312274
"1299",2016-11-25,5,6.7654808105051
"1300",2016-11-25,4.75,6.70814657563219
"1301",2016-11-28,5,6.76367746093106
"1302",2016-11-28,4.5,6.00780234908361
"1303",2016-11-29,6.5,6.76367746093106
"1304",2016-11-29,5,6.15887543618111
"1305",2016-11-30,6.5,5.49848791712125
"1306",2016-11-30,5.75,5.07470123419543
"1307",2016-12-01,6.5,4.89413439900951
"1308",2016-12-01,5.75,4.79117962655296
"1309",2016-12-02,6.5,5.52450358516081
"1310",2016-12-02,5.75,5.13611174380531
"1311",2016-12-05,6.5,5.51799673646501
"1312",2016-12-05,5,4.98731481980926
"1313",2016-12-06,8,6.05448420949334
"1314",2016-12-06,7,5.65545105685046
"1315",2016-12-07,8,6.18146068303253
"1316",2016-12-07,7.5,5.51977829219316
"1317",2016-12-07,7,5.52129267801179
"1318",2016-12-08,7.5,5.40612310133551
"1319",2016-12-09,8,5.43222396799696
"1320",2016-12-09,7.5,5.03422521328308
"1321",2016-12-09,7,5.31990652402636
"1322",2016-12-12,8,5.4261865913117
"1323",2016-12-12,7,5.38492301023897
"1324",2016-12-13,7,5.12239733639004
"1325",2016-12-14,8,3.77981407993382
"1326",2016-12-14,7.5,3.81617295603311
"1327",2016-12-14,7,5.13264978610804
"1328",2016-12-15,8,3.69307171489234
"1329",2016-12-15,7.5,3.78580365724886
"1330",2016-12-15,7.5,3.78580365724886
"1331",2016-12-16,9,3.46245616254062
"1332",2016-12-16,8,3.76247175449473
"1333",2016-12-19,9,4.41699382041425
"1334",2016-12-19,7,4.659495824017
"1335",2016-12-20,7,4.98647453632857
"1336",2016-12-21,9,7.12117707892477
"1337",2016-12-21,8,7.11388462924358
"1338",2016-12-22,9,6.96025617417888
"1339",2016-12-22,8,6.99824603605767
"1340",2016-12-23,9,7.15719101717808
"1341",2016-12-23,8,7.08180931496712
"1342",2016-12-26,9,6.85973601755394
"1343",2016-12-27,9,6.79415171389715
"1344",2016-12-27,7,6.64830308160495
