"","Date","Mean_daily_price","Mean_daily_forecast","Avg_next_28","Model_sale","Value","Best_sale","Best_value"
"1",2014-01-01,NA,NA,11.625,15.5,3.875,15.5,3.875
"2",2014-01-02,15.5,15.3733894096233,11.4464285714286,15.5,4.05357142857143,15.5,4.05357142857143
"3",2014-01-03,15.5,13.3428827330852,11.2678571428571,15.5,4.23214285714286,15.5,4.23214285714286
"4",2014-01-04,15.5,13.3428827330852,11.0892857142857,15.5,4.41071428571429,15.5,4.41071428571429
"5",2014-01-05,15.5,13.3428827330852,10.9107142857143,15.5,4.58928571428571,15.5,4.58928571428571
"6",2014-01-06,15.5,13.0750171437891,10.7321428571429,11,0.267857142857142,13,2.26785714285714
"7",2014-01-07,13,7.94384721134148,10.6428571428571,11,0.357142857142858,12,1.35714285714286
"8",2014-01-08,12,7.49247625990033,10.75,11,0.25,15,4.25
"9",2014-01-09,12,7.49871947462673,10.8571428571429,11,0.142857142857142,15,4.14285714285714
"10",2014-01-10,12,7.41525116171244,10.9285714285714,11,0.0714285714285712,15,4.07142857142857
"11",2014-01-11,12,7.41525116171244,11,11,0,15,4
"12",2014-01-12,12,7.41525116171244,11.0714285714286,11,-0.0714285714285712,15,3.92857142857143
"13",2014-01-13,12,7.30541667966316,11.1428571428571,11,-0.142857142857142,15,3.85714285714286
"14",2014-01-14,11,9.43303746517684,11.2857142857143,11,-0.285714285714286,15,3.71428571428571
"15",2014-01-15,11,9.57441303365164,11.4285714285714,11,-0.428571428571429,15,3.57142857142857
"16",2014-01-16,11,9.64581854674212,11.5714285714286,11,-0.571428571428571,15,3.42857142857143
"17",2014-01-17,11,9.88807435359204,11.6785714285714,11,-0.678571428571429,15,3.32142857142857
"18",2014-01-18,11,9.88807435359204,11.7857142857143,11,-0.785714285714286,15,3.21428571428571
"19",2014-01-19,11,9.88807435359204,11.8928571428571,11,-0.892857142857142,15,3.10714285714286
"20",2014-01-20,11,9.88924856047555,12,9,-3,15,3
"21",2014-01-21,11,7.72797366924545,12.0535714285714,9,-3.05357142857143,15,2.94642857142857
"22",2014-01-22,9,7.97652978900498,12.1785714285714,9,-3.17857142857143,15,2.82142857142857
"23",2014-01-23,9,7.73433882787642,12.3035714285714,9,-3.30357142857143,15,2.69642857142857
"24",2014-01-24,9,7.43081899823397,12.4285714285714,9,-3.42857142857143,15,2.57142857142857
"25",2014-01-25,9,7.43081899823397,12.5535714285714,9,-3.55357142857143,15,2.44642857142857
"26",2014-01-26,9,7.43081899823397,12.6785714285714,12.5,-0.178571428571429,15,2.32142857142857
"27",2014-01-27,9,7.23552291251886,12.8035714285714,12.5,-0.303571428571429,15,2.19642857142857
"28",2014-01-28,10.5,6.36786512841726,12.8928571428571,13,0.107142857142858,15,2.10714285714286
"29",2014-01-29,10.5,6.39746684323331,12.9821428571429,13,0.0178571428571423,15,2.01785714285714
"30",2014-01-30,10.5,6.37046778539368,13.0714285714286,13,-0.0714285714285712,15,1.92857142857143
"31",2014-01-31,10.5,6.38731785908605,13.125,12,-1.125,15,1.875
"32",2014-02-01,10.5,6.38731785908605,13.1785714285714,12,-1.17857142857143,15,1.82142857142857
"33",2014-02-02,10.5,6.38731785908605,13.2321428571429,12,-1.23214285714286,15,1.76785714285714
"34",2014-02-03,10.5,6.38731785908605,13.2857142857143,12,-1.28571428571429,15,1.71428571428571
"35",2014-02-04,10.5,7.08509569175451,13.3392857142857,12,-1.33928571428571,15,1.66071428571429
"36",2014-02-05,15,6.94981199817627,13.2321428571429,12,-1.23214285714286,15,1.76785714285714
"37",2014-02-06,15,6.79944726064529,13.125,12,-1.125,15,1.875
"38",2014-02-07,14,6.79981008362567,13.0535714285714,12,-1.05357142857143,15,1.94642857142857
"39",2014-02-08,14,6.79981008362567,12.9821428571429,12,-0.982142857142858,15,2.01785714285714
"40",2014-02-09,14,6.79981008362567,12.9107142857143,12,-0.910714285714286,15,2.08928571428571
"41",2014-02-10,14,6.79795510843912,12.8392857142857,12,-0.839285714285714,15,2.16071428571429
"42",2014-02-11,15,6.86469959418666,12.7321428571429,12,-0.732142857142858,15,2.26785714285714
"43",2014-02-12,15,6.87952983272934,12.625,12,-0.625,15,2.375
"44",2014-02-13,15,6.88254386855449,12.5178571428571,12,-0.517857142857142,14,1.48214285714286
"45",2014-02-14,14,6.90131815544309,12.4107142857143,12,-0.410714285714286,14,1.58928571428571
"46",2014-02-15,14,6.90131815544309,12.3035714285714,12,-0.303571428571429,14,1.69642857142857
"47",2014-02-16,14,6.90131815544309,12.1964285714286,12,-0.196428571428571,14,1.80357142857143
"48",2014-02-17,14,7.12567710032724,12.0892857142857,12,-0.0892857142857135,13,0.910714285714286
"49",2014-02-18,12.5,7.33242279921624,12.0357142857143,12,-0.0357142857142865,13,0.964285714285714
"50",2014-02-19,12.5,7.04218251976635,11.9107142857143,12,0.0892857142857135,13,1.08928571428571
"51",2014-02-20,12.5,6.83642904495576,11.7857142857143,12,0.214285714285714,13,1.21428571428571
"52",2014-02-21,12.5,6.66278661850513,11.6607142857143,12,0.339285714285714,13,1.33928571428571
"53",2014-02-22,12.5,6.66278661850513,11.5357142857143,12,0.464285714285714,13,1.46428571428571
"54",2014-02-23,12.5,6.66278661850513,11.4107142857143,12,0.589285714285714,13,1.58928571428571
"55",2014-02-24,12.5,6.6673216463185,11.2857142857143,12,0.714285714285714,13,1.71428571428571
"56",2014-02-25,13,7.43770346590228,11,12,1,13,2
"57",2014-02-26,13,7.86857871599926,10.7142857142857,12,1.28571428571429,13,2.28571428571429
"58",2014-02-27,13,8.10161244580009,10.4285714285714,12,1.57142857142857,12,1.57142857142857
"59",2014-02-28,12,8.10996906212343,10.1785714285714,12,1.82142857142857,12,1.82142857142857
"60",2014-03-01,12,8.10996906212343,9.92857142857143,12,2.07142857142857,12,2.07142857142857
"61",2014-03-02,12,8.10996906212343,9.67857142857143,12,2.32142857142857,12,2.32142857142857
"62",2014-03-03,12,12.3496290150331,9.42857142857143,12,2.57142857142857,12,2.57142857142857
"63",2014-03-04,12,12.7224769688014,9.16071428571429,12,2.83928571428571,12,2.83928571428571
"64",2014-03-05,12,8.37311629829154,8.89285714285714,12,3.10714285714286,12,3.10714285714286
"65",2014-03-06,12,8.37375649648122,8.625,12,3.375,12,3.375
"66",2014-03-07,12,9.63342718201048,8.35714285714286,12,3.64285714285714,12,3.64285714285714
"67",2014-03-08,12,9.63342718201048,8.08928571428571,12,3.91071428571429,12,3.91071428571429
"68",2014-03-09,12,9.63342718201048,7.82142857142857,9,1.17857142857143,12,4.17857142857143
"69",2014-03-10,12,7.44019487257689,7.53571428571429,9,1.46428571428571,12,4.46428571428571
"70",2014-03-11,12,7.4554394977875,7.21428571428571,9,1.78571428571429,12,4.78571428571429
"71",2014-03-12,12,8.11910298760074,6.89285714285714,9,2.10714285714286,12,5.10714285714286
"72",2014-03-13,12,8.11704773473711,6.57142857142857,9,2.42857142857143,11,4.42857142857143
"73",2014-03-14,11,8.62331866405393,6.28571428571429,9,2.71428571428571,11,4.71428571428571
"74",2014-03-15,11,8.62331866405393,6,9,3,11,5
"75",2014-03-16,11,8.62331866405393,5.71428571428571,9,3.28571428571429,11,5.28571428571429
"76",2014-03-17,11,8.62331866405393,5.42857142857143,9,3.57142857142857,11,5.57142857142857
"77",2014-03-18,11,8.959513187219,5.14285714285714,9,3.85714285714286,9,3.85714285714286
"78",2014-03-19,9,8.96441940871724,4.92857142857143,9,4.07142857142857,9,4.07142857142857
"79",2014-03-20,9,8.28965089606262,4.71428571428571,5,0.285714285714286,9,4.28571428571429
"80",2014-03-21,9,7.31237954985251,4.5,5,0.5,9,4.5
"81",2014-03-22,9,7.31237954985251,4.28571428571429,5,0.714285714285714,9,4.71428571428571
"82",2014-03-23,9,7.31237954985251,4.07142857142857,5,0.928571428571429,9,4.92857142857143
"83",2014-03-24,9,7.31166491602155,3.85714285714286,5,1.14285714285714,5,1.14285714285714
"84",2014-03-25,5,7.34656752603038,3.78571428571429,5,1.21428571428571,5,1.21428571428571
"85",2014-03-26,5,7.34590121205039,3.73214285714286,5,1.26785714285714,5,1.26785714285714
"86",2014-03-27,5,7.33041118115955,3.67857142857143,5,1.32142857142857,5,1.32142857142857
"87",2014-03-28,5,7.33041118115955,3.625,5,1.375,5,1.375
"88",2014-03-29,5,7.33041118115955,3.57142857142857,5,1.42857142857143,5,1.42857142857143
"89",2014-03-30,5,7.33041118115955,3.51785714285714,5,1.48214285714286,5,1.48214285714286
"90",2014-03-31,5,7.45856097003828,3.46428571428571,3,-0.464285714285714,4.5,1.03571428571429
"91",2014-04-01,4.5,5.49440195201963,3.42857142857143,3,-0.428571428571428,4.5,1.07142857142857
"92",2014-04-02,4.5,6.4897651577217,3.39285714285714,3,-0.392857142857143,4.5,1.10714285714286
"93",2014-04-03,4.5,6.51959351720695,3.35714285714286,3,-0.357142857142857,4.5,1.14285714285714
"94",2014-04-04,4.5,6.51959351720695,3.32142857142857,3,-0.321428571428572,4.5,1.17857142857143
"95",2014-04-05,4.5,6.51959351720695,3.28571428571429,3,-0.285714285714286,4.5,1.21428571428571
"96",2014-04-06,4.5,6.51959351720695,3.25,3,-0.25,4,0.75
"97",2014-04-07,4,7.0439976082497,3.23214285714286,3,-0.232142857142857,3.5,0.267857142857143
"98",2014-04-08,3,7.09825314555789,3.25,3,-0.25,3.5,0.25
"99",2014-04-09,3,7.09689846453259,3.26785714285714,3,-0.267857142857143,3.5,0.232142857142857
"100",2014-04-10,3,7.09512771424901,3.28571428571429,3,-0.285714285714286,3.5,0.214285714285714
"101",2014-04-11,3,7.23807510827249,3.30357142857143,3,-0.303571428571428,3.5,0.196428571428572
"102",2014-04-12,3,7.23807510827249,3.32142857142857,3,-0.321428571428572,3.5,0.178571428571428
"103",2014-04-13,3,7.23807510827249,3.33928571428571,3,-0.339285714285714,3.5,0.160714285714286
"104",2014-04-14,3,7.19585237725972,3.35714285714286,3,-0.357142857142857,3.5,0.142857142857143
"105",2014-04-15,3,7.20438101547159,3.375,3,-0.375,3.5,0.125
"106",2014-04-16,3,7.26866298234293,3.39285714285714,3,-0.392857142857143,3.5,0.107142857142857
"107",2014-04-17,3,7.26866298234293,3.41071428571429,3,-0.410714285714286,3.5,0.0892857142857144
"108",2014-04-18,3,7.26866298234293,3.42857142857143,3,-0.428571428571428,3.5,0.0714285714285716
"109",2014-04-19,3,7.26866298234293,3.44642857142857,3,-0.446428571428572,3.5,0.0535714285714284
"110",2014-04-20,3,7.26866298234293,3.46428571428571,3,-0.464285714285714,3.5,0.0357142857142856
"111",2014-04-21,3,7.27644534730939,3.48214285714286,3,-0.482142857142857,3.5,0.0178571428571428
"112",2014-04-22,3,7.16746767821607,3.5,3.5,0,3.5,0
"113",2014-04-23,3.5,7.09246318370055,3.5,3.5,0,3.5,0
"114",2014-04-24,3.5,7.0921756734412,3.5,3.5,0,3.5,0
"115",2014-04-25,3.5,7.06570662260324,3.5,3.5,0,3.5,0
"116",2014-04-26,3.5,7.06570662260324,3.5,3.5,0,3.5,0
"117",2014-04-27,3.5,7.06570662260324,3.5,3.5,0,3.5,0
"118",2014-04-28,3.5,7.06596913351799,3.5,3.5,0,3.5,0
"119",2014-04-29,3.5,7.06596913351799,3.5,3.5,0,3.5,0
"120",2014-04-30,3.5,7.06596913351799,3.51785714285714,3.5,-0.0178571428571428,4,0.482142857142857
"121",2014-05-01,3.5,7.06596913351799,3.53571428571429,3.5,-0.0357142857142856,4,0.464285714285714
"122",2014-05-02,3.5,7.06596913351799,3.55357142857143,3.5,-0.0535714285714284,4,0.446428571428572
"123",2014-05-03,3.5,7.06596913351799,3.57142857142857,3.5,-0.0714285714285716,4,0.428571428571428
"124",2014-05-04,3.5,7.06596913351799,3.58928571428571,3.5,-0.0892857142857144,4,0.410714285714286
"125",2014-05-05,3.5,7.06596913351799,3.60714285714286,3.5,-0.107142857142857,4,0.392857142857143
"126",2014-05-06,3.5,7.06596913351799,3.625,3.5,-0.125,4,0.375
"127",2014-05-07,3.5,7.06596913351799,3.64285714285714,3.5,-0.142857142857143,4,0.357142857142857
"128",2014-05-08,3.5,7.06596913351799,3.66071428571429,3.5,-0.160714285714286,4,0.339285714285714
"129",2014-05-09,3.5,7.06596913351799,3.67857142857143,3.5,-0.178571428571428,4,0.321428571428572
"130",2014-05-10,3.5,7.06596913351799,3.69642857142857,3.5,-0.196428571428572,4,0.303571428571428
"131",2014-05-11,3.5,7.06596913351799,3.71428571428571,3.5,-0.214285714285714,4,0.285714285714286
"132",2014-05-12,3.5,7.06596913351799,3.73214285714286,3.5,-0.232142857142857,4,0.267857142857143
"133",2014-05-13,3.5,7.06596913351799,3.76785714285714,3.5,-0.267857142857143,4.5,0.732142857142857
"134",2014-05-14,3.5,7.06596913351799,3.80357142857143,3.5,-0.303571428571428,4.5,0.696428571428572
"135",2014-05-15,3.5,7.06596913351799,3.83928571428571,3.5,-0.339285714285714,4.5,0.660714285714286
"136",2014-05-16,3.5,7.06596913351799,3.875,3.5,-0.375,4.5,0.625
"137",2014-05-17,3.5,7.06596913351799,3.91071428571429,3.5,-0.410714285714286,4.5,0.589285714285714
"138",2014-05-18,3.5,7.06596913351799,3.94642857142857,3.5,-0.446428571428572,4.5,0.553571428571428
"139",2014-05-19,3.5,7.06596913351799,3.98214285714286,3.5,-0.482142857142857,4.5,0.517857142857143
"140",2014-05-20,3.5,7.06596913351799,4.01785714285714,3.5,-0.517857142857143,4.5,0.482142857142857
"141",2014-05-21,3.5,7.06596913351799,4.05357142857143,3.5,-0.553571428571429,4.5,0.446428571428571
"142",2014-05-22,3.5,7.06596913351799,4.08928571428571,3.5,-0.589285714285714,4.5,0.410714285714286
"143",2014-05-23,3.5,7.06596913351799,4.125,3.5,-0.625,4.5,0.375
"144",2014-05-24,3.5,7.06596913351799,4.16071428571429,3.5,-0.660714285714286,4.5,0.339285714285714
"145",2014-05-25,3.5,7.06596913351799,4.19642857142857,3.5,-0.696428571428571,4.5,0.303571428571429
"146",2014-05-26,3.5,7.06596913351799,4.23214285714286,3.5,-0.732142857142857,4.5,0.267857142857143
"147",2014-05-27,3.5,7.06596913351799,4.28571428571429,4,-0.285714285714286,5,0.714285714285714
"148",2014-05-28,4,3.1023421518321,4.32142857142857,5,0.678571428571429,5,0.678571428571429
"149",2014-05-29,4,3.08773251171188,4.35714285714286,5,0.642857142857143,5,0.642857142857143
"150",2014-05-30,4,3.19666616687589,4.44642857142857,6.5,2.05357142857143,6.5,2.05357142857143
"151",2014-05-31,4,3.19666616687589,4.53571428571429,6.5,1.96428571428571,6.5,1.96428571428571
"152",2014-06-01,4,3.19666616687589,4.625,6.5,1.875,6.5,1.875
"153",2014-06-02,4,3.88441574501449,4.71428571428571,6.5,1.78571428571429,6.5,1.78571428571429
"154",2014-06-03,4,4.00107422571651,4.82142857142857,7,2.17857142857143,7,2.17857142857143
"155",2014-06-04,4,3.69242776017302,4.92857142857143,7,2.07142857142857,7,2.07142857142857
"156",2014-06-05,4,3.67549202651385,5.03571428571429,7,1.96428571428571,7,1.96428571428571
"157",2014-06-06,4,3.45041816115054,5.14285714285714,7,1.85714285714286,7,1.85714285714286
"158",2014-06-07,4,3.45041816115054,5.25,7,1.75,7,1.75
"159",2014-06-08,4,3.45041816115054,5.35714285714286,7,1.64285714285714,7,1.64285714285714
"160",2014-06-09,4,3.44056923305435,5.46428571428571,7,1.53571428571429,7,1.53571428571429
"161",2014-06-10,4.5,3.59144395012826,5.53571428571429,6.5,0.964285714285714,7,1.46428571428571
"162",2014-06-11,4.5,3.80429590215432,5.60714285714286,6.5,0.892857142857143,7,1.39285714285714
"163",2014-06-12,4.5,3.83866566212942,5.67857142857143,6.5,0.821428571428571,7,1.32142857142857
"164",2014-06-13,4.5,3.83866566212942,5.75,6.5,0.75,7,1.25
"165",2014-06-14,4.5,3.83866566212942,5.82142857142857,6.5,0.678571428571429,7,1.17857142857143
"166",2014-06-15,4.5,3.83866566212942,5.89285714285714,6.5,0.607142857142857,7,1.10714285714286
"167",2014-06-16,4.5,3.5668630179248,5.96428571428571,6.5,0.535714285714286,7,1.03571428571429
"168",2014-06-17,4.5,3.51262774109798,6.03571428571429,6.5,0.464285714285714,7,0.964285714285714
"169",2014-06-18,4.5,3.44268966759744,6.10714285714286,6.5,0.392857142857143,7,0.892857142857143
"170",2014-06-19,4.5,3.44790601724608,6.17857142857143,6.5,0.321428571428571,7,0.821428571428571
"171",2014-06-20,4.5,3.42639108938038,6.23214285714286,6.5,0.267857142857143,7,0.767857142857143
"172",2014-06-21,4.5,3.42639108938038,6.28571428571429,6.5,0.214285714285714,7,0.714285714285714
"173",2014-06-22,4.5,3.42639108938038,6.33928571428571,6.5,0.160714285714286,7,0.660714285714286
"174",2014-06-23,4.5,3.36419510196446,6.39285714285714,6.5,0.107142857142857,7,0.607142857142857
"175",2014-06-24,5,3.59319498659639,6.41071428571429,6.5,0.0892857142857144,7,0.589285714285714
"176",2014-06-25,5,4.00740321727915,6.42857142857143,6.5,0.0714285714285712,7,0.571428571428571
"177",2014-06-26,5,4.07895167669329,6.44642857142857,6.5,0.0535714285714288,7,0.553571428571429
"178",2014-06-27,6.5,4.12291523553259,6.39285714285714,6.5,0.107142857142857,7,0.607142857142857
"179",2014-06-28,6.5,4.12291523553259,6.33928571428571,6.5,0.160714285714286,7,0.660714285714286
"180",2014-06-29,6.5,4.12291523553259,6.28571428571429,6.5,0.214285714285714,7,0.714285714285714
"181",2014-06-30,6.5,4.20995929136882,6.23214285714286,6.5,0.267857142857143,7,0.767857142857143
"182",2014-07-01,7,5.93133420899922,6.16071428571429,6.5,0.339285714285714,7,0.839285714285714
"183",2014-07-02,7,6.00298529529304,6.08928571428571,6.5,0.410714285714286,7,0.910714285714286
"184",2014-07-03,7,6.07397073035119,6.01785714285714,6.5,0.482142857142857,7,0.982142857142857
"185",2014-07-04,7,6.33644121310201,5.94642857142857,6.5,0.553571428571429,7,1.05357142857143
"186",2014-07-05,7,6.33644121310201,5.875,6.5,0.625,7,1.125
"187",2014-07-06,7,6.33644121310201,5.80357142857143,6.5,0.696428571428571,7,1.19642857142857
"188",2014-07-07,7,6.65764702305115,5.73214285714286,6.5,0.767857142857143,6.5,0.767857142857143
"189",2014-07-08,6.5,7.18629686171931,5.66071428571429,6.5,0.839285714285714,6.5,0.839285714285714
"190",2014-07-09,6.5,7.01365729388703,5.58928571428571,6.5,0.910714285714286,6.5,0.910714285714286
"191",2014-07-10,6.5,7.01692652668033,5.51785714285714,6.5,0.982142857142857,6.5,0.982142857142857
"192",2014-07-11,6.5,7.0002921858907,5.44642857142857,6.5,1.05357142857143,6.5,1.05357142857143
"193",2014-07-12,6.5,7.0002921858907,5.375,6.5,1.125,6.5,1.125
"194",2014-07-13,6.5,7.0002921858907,5.30357142857143,6.5,1.19642857142857,6.5,1.19642857142857
"195",2014-07-14,6.5,6.94796751739987,5.23214285714286,6.5,1.26785714285714,6.5,1.26785714285714
"196",2014-07-15,6.5,7.22594240178377,5.23214285714286,6.5,1.26785714285714,6.5,1.26785714285714
"197",2014-07-16,6.5,7.19786080256391,5.23214285714286,6.5,1.26785714285714,6.5,1.26785714285714
"198",2014-07-17,6.5,7.14995191911393,5.23214285714286,6,0.767857142857143,6.5,1.26785714285714
"199",2014-07-18,6,7.06179767821752,5.26785714285714,6,0.732142857142857,7,1.73214285714286
"200",2014-07-19,6,7.06179767821752,5.30357142857143,6,0.696428571428571,7,1.69642857142857
"201",2014-07-20,6,7.06179767821752,5.33928571428571,5.5,0.160714285714286,7,1.66071428571429
"202",2014-07-21,6,6.97131853137315,5.375,5.5,0.125,7,1.625
"203",2014-07-22,5.5,7.05950496325737,5.42857142857143,5.5,0.0714285714285712,7,1.57142857142857
"204",2014-07-23,5.5,7.0589059663875,5.48214285714286,5.5,0.0178571428571432,7,1.51785714285714
"205",2014-07-24,5.5,7.04186468694513,5.53571428571429,6.5,0.964285714285714,7,1.46428571428571
"206",2014-07-25,5,6.97459383491554,5.60714285714286,6.5,0.892857142857143,7,1.39285714285714
"207",2014-07-26,5,6.97459383491554,5.67857142857143,6.5,0.821428571428571,7,1.32142857142857
"208",2014-07-27,5,6.97459383491554,5.75,6.5,0.75,7,1.25
"209",2014-07-28,5,6.76765734593221,5.82142857142857,6.5,0.678571428571429,7,1.17857142857143
"210",2014-07-29,5,6.81642072066301,5.91071428571429,6.5,0.589285714285714,7.5,1.58928571428571
"211",2014-07-30,5,6.80129407074197,6,6.5,0.5,7.5,1.5
"212",2014-07-31,5,6.79735951326951,6.08928571428571,6.5,0.410714285714286,7.5,1.41071428571429
"213",2014-08-01,5,5.44048388851637,6.17857142857143,6.5,0.321428571428571,7.5,1.32142857142857
"214",2014-08-02,5,5.44048388851637,6.26785714285714,6.5,0.232142857142857,7.5,1.23214285714286
"215",2014-08-03,5,5.44048388851637,6.35714285714286,6.5,0.142857142857143,7.5,1.14285714285714
"216",2014-08-04,5,5.43209971141171,6.44642857142857,7.5,1.05357142857143,7.5,1.05357142857143
"217",2014-08-05,4.5,6.34176239629531,6.53571428571429,7.5,0.964285714285714,7.5,0.964285714285714
"218",2014-08-06,4.5,6.34415602335643,6.625,7.5,0.875,7.5,0.875
"219",2014-08-07,4.5,6.34683428231948,6.71428571428571,7.5,0.785714285714286,7.5,0.785714285714286
"220",2014-08-08,4.5,6.41321285116689,6.80357142857143,7.5,0.696428571428571,7.5,0.696428571428571
"221",2014-08-09,4.5,6.41321285116689,6.89285714285714,7.5,0.607142857142857,7.5,0.607142857142857
"222",2014-08-10,4.5,6.41321285116689,6.98214285714286,7.5,0.517857142857143,7.5,0.517857142857143
"223",2014-08-11,4.5,6.41399603777571,7.07142857142857,7,-0.0714285714285712,7.5,0.428571428571429
"224",2014-08-12,6.5,6.43435916583246,7.08928571428571,7,-0.0892857142857144,7.5,0.410714285714286
"225",2014-08-13,6.5,6.45267287636406,7.10714285714286,7,-0.107142857142857,7.5,0.392857142857143
"226",2014-08-14,6.5,7.00583725663804,7.125,7,-0.125,7.5,0.375
"227",2014-08-15,7,6.40876177740815,7.125,7,-0.125,7.5,0.375
"228",2014-08-16,7,6.40876177740815,7.125,7,-0.125,7.5,0.375
"229",2014-08-17,7,6.40876177740815,7.125,7,-0.125,7.5,0.375
"230",2014-08-18,7,6.44069184645879,7.125,7,-0.125,7.5,0.375
"231",2014-08-19,7,6.75456399689081,7.125,7,-0.125,7.5,0.375
"232",2014-08-20,7,6.75224599639269,7.125,7,-0.125,7.5,0.375
"233",2014-08-21,7,6.54671913032351,7.08928571428571,6,-1.08928571428571,7.5,0.410714285714286
"234",2014-08-22,7,6.63689726556713,7.05357142857143,6,-1.05357142857143,7.5,0.446428571428571
"235",2014-08-23,7,6.63689726556713,7.01785714285714,6,-1.01785714285714,7.5,0.482142857142857
"236",2014-08-24,7,6.63689726556713,6.98214285714286,6,-0.982142857142857,7.5,0.517857142857143
"237",2014-08-25,7,6.38526864505576,6.94642857142857,6,-0.946428571428571,7.5,0.553571428571429
"238",2014-08-26,7.5,6.32012572577108,6.92857142857143,6,-0.928571428571429,7.5,0.571428571428571
"239",2014-08-27,7.5,6.32751076427562,6.91071428571429,6,-0.910714285714286,7.5,0.589285714285714
"240",2014-08-28,7.5,6.36359029551607,6.89285714285714,6,-0.892857142857143,7.5,0.607142857142857
"241",2014-08-29,7.5,6.38115263359007,6.875,6,-0.875,7.5,0.625
"242",2014-08-30,7.5,6.38115263359007,6.85714285714286,6,-0.857142857142857,7.5,0.642857142857143
"243",2014-08-31,7.5,6.38115263359007,6.83928571428571,6,-0.839285714285714,7.5,0.660714285714286
"244",2014-09-01,7.5,7.37646433588092,6.82142857142857,6,-0.821428571428571,7,0.178571428571429
"245",2014-09-02,7,7.35142321064886,6.88392857142857,8.75,1.86607142857143,8.75,1.86607142857143
"246",2014-09-03,7,7.33064710562045,6.94642857142857,8.75,1.80357142857143,8.75,1.80357142857143
"247",2014-09-04,7,7.32511209885574,7.00892857142857,8.75,1.74107142857143,8.75,1.74107142857143
"248",2014-09-05,7,7.31888009438605,7.07142857142857,8.75,1.67857142857143,8.75,1.67857142857143
"249",2014-09-06,7,7.31888009438605,7.13392857142857,8.75,1.61607142857143,8.75,1.61607142857143
"250",2014-09-07,7,7.31888009438605,7.19642857142857,8.75,1.55357142857143,8.75,1.55357142857143
"251",2014-09-08,7,7.38748273023908,7.25892857142857,8.75,1.49107142857143,8.75,1.49107142857143
"252",2014-09-09,7,7.00045838765161,7.47321428571429,8.75,1.27678571428571,13,5.52678571428571
"253",2014-09-10,7,6.99484583240794,7.6875,8.75,1.0625,13,5.3125
"254",2014-09-11,7,6.98990541196985,7.90178571428571,8.75,0.848214285714286,13,5.09821428571429
"255",2014-09-12,7,6.85899891606373,8.02678571428571,10.5,2.47321428571429,13,4.97321428571429
"256",2014-09-13,7,6.85899891606373,8.15178571428571,10.5,2.34821428571429,13,4.84821428571429
"257",2014-09-14,7,6.85899891606373,8.27678571428571,10.5,2.22321428571429,13,4.72321428571429
"258",2014-09-15,7,6.94276387501815,8.40178571428571,10.5,2.09821428571429,13,4.59821428571429
"259",2014-09-16,7,6.94276387501815,8.54464285714286,11,2.45535714285714,13,4.45535714285714
"260",2014-09-17,7,7.96400504778664,8.6875,11,2.3125,13,4.3125
"261",2014-09-18,6,8.1370312131284,8.86607142857143,11,2.13392857142857,13,4.13392857142857
"262",2014-09-19,6,8.29740767281827,8.97321428571429,11,2.02678571428571,13,4.02678571428571
"263",2014-09-20,6,8.29740767281827,9.08035714285714,11,1.91964285714286,13,3.91964285714286
"264",2014-09-21,6,8.29740767281827,9.1875,11,1.8125,13,3.8125
"265",2014-09-22,6,8.23912166598126,9.29464285714286,11,1.70535714285714,13,3.70535714285714
"266",2014-09-23,7,7.71327334942039,9.36607142857143,11,1.63392857142857,13,3.63392857142857
"267",2014-09-24,7,7.71186515380916,9.4375,11,1.5625,13,3.5625
"268",2014-09-25,7,7.73751142083063,9.50892857142857,11,1.49107142857143,13,3.49107142857143
"269",2014-09-26,7,7.89686394163026,9.58035714285714,11,1.41964285714286,13,3.41964285714286
"270",2014-09-27,7,7.89686394163026,9.65178571428571,11,1.34821428571429,13,3.34821428571429
"271",2014-09-28,7,7.89686394163026,9.72321428571429,11,1.27678571428571,13,3.27678571428571
"272",2014-09-29,7,7.94555905274873,9.79464285714286,11,1.20535714285714,13,3.20535714285714
"273",2014-09-30,8.75,8.37238427576266,9.80357142857143,11,1.19642857142857,13,3.19642857142857
"274",2014-10-01,8.75,8.60585487952624,9.8125,11,1.1875,13,3.1875
"275",2014-10-02,8.75,8.60622311744227,9.82142857142857,11,1.17857142857143,13,3.17857142857143
"276",2014-10-03,8.75,8.51557536872643,9.83035714285714,11,1.16964285714286,13,3.16964285714286
"277",2014-10-04,8.75,8.51557536872643,9.83928571428571,11,1.16071428571429,13,3.16071428571429
"278",2014-10-05,8.75,8.51557536872643,9.84821428571429,11,1.15178571428571,13,3.15178571428571
"279",2014-10-06,8.75,8.42694253472103,9.85714285714286,11,1.14285714285714,13,3.14285714285714
"280",2014-10-07,13,7.64912474316272,9.71428571428571,11,1.28571428571429,13,3.28571428571429
"281",2014-10-08,13,8.4817390759702,9.57142857142857,11,1.42857142857143,13,3.42857142857143
"282",2014-10-09,13,8.46404597707292,9.42857142857143,11,1.57142857142857,11,1.57142857142857
"283",2014-10-10,10.5,8.7204416573691,9.375,11,1.625,11,1.625
"284",2014-10-11,10.5,8.7204416573691,9.32142857142857,11,1.67857142857143,11,1.67857142857143
"285",2014-10-12,10.5,8.7204416573691,9.26785714285714,11,1.73214285714286,11,1.73214285714286
"286",2014-10-13,10.5,8.66420563526719,9.21428571428571,11,1.78571428571429,11,1.78571428571429
"287",2014-10-14,11,9.24841665874254,9.10714285714286,11,1.89285714285714,11,1.89285714285714
"288",2014-10-15,11,9.28099883175387,9,9,0,11,2
"289",2014-10-16,11,8.73156276778034,8.89285714285714,9,0.107142857142858,9,0.107142857142858
"290",2014-10-17,9,7.98611453183247,8.89285714285714,9,0.107142857142858,9,0.107142857142858
"291",2014-10-18,9,7.98611453183247,8.89285714285714,9,0.107142857142858,9,0.107142857142858
"292",2014-10-19,9,7.98611453183247,8.89285714285714,9,0.107142857142858,9,0.107142857142858
"293",2014-10-20,9,7.97795405911084,8.89285714285714,9,0.107142857142858,9,0.107142857142858
"294",2014-10-21,9,7.01508717612382,8.89285714285714,9,0.107142857142858,9,0.107142857142858
"295",2014-10-22,9,7.02065367726017,8.85714285714286,9,0.142857142857142,9,0.142857142857142
"296",2014-10-23,9,7.03378084544901,8.82142857142857,9,0.178571428571429,9,0.178571428571429
"297",2014-10-24,9,7.03293404226829,8.78571428571429,9,0.214285714285714,9,0.214285714285714
"298",2014-10-25,9,7.03293404226829,8.75,9,0.25,9,0.25
"299",2014-10-26,9,7.03293404226829,8.71428571428571,9,0.285714285714286,9,0.285714285714286
"300",2014-10-27,9,7.03489448069099,8.67857142857143,9,0.321428571428571,9,0.321428571428571
"301",2014-10-28,9,7.14006121332843,8.65178571428571,9,0.348214285714286,9,0.348214285714286
"302",2014-10-29,9,6.77338979636908,8.625,9,0.375,9,0.375
"303",2014-10-30,9,6.80341073739345,8.59821428571429,9,0.401785714285714,9,0.401785714285714
"304",2014-10-31,9,6.96622992802541,8.48214285714286,9,0.517857142857142,9,0.517857142857142
"305",2014-11-01,9,6.96622992802541,8.36607142857143,9,0.633928571428571,9,0.633928571428571
"306",2014-11-02,9,6.96622992802541,8.25,9,0.75,9,0.75
"307",2014-11-03,9,8.93279430107734,8.13392857142857,5.75,-2.38392857142857,9,0.866071428571429
"308",2014-11-04,9,7.32247607319613,8.01785714285714,5.75,-2.26785714285714,9,0.982142857142858
"309",2014-11-05,9,7.3229939949056,7.90178571428571,5.75,-2.15178571428571,9,1.09821428571429
"310",2014-11-06,9,7.36194193767811,7.78571428571429,5.75,-2.03571428571429,9,1.21428571428571
"311",2014-11-07,9,8.04400255717702,7.66964285714286,5.75,-1.91964285714286,9,1.33035714285714
"312",2014-11-08,9,8.04400255717702,7.55357142857143,5.75,-1.80357142857143,9,1.44642857142857
"313",2014-11-09,9,8.04400255717702,7.4375,5.75,-1.6875,9,1.5625
"314",2014-11-10,9,8.03443987312093,7.32142857142857,5.75,-1.57142857142857,9,1.67857142857143
"315",2014-11-11,8,7.54140002327302,7.1875,5.75,-1.4375,9,1.8125
"316",2014-11-12,8,7.53427573070203,7.05357142857143,5.75,-1.30357142857143,9,1.94642857142857
"317",2014-11-13,8,7.5190811961233,6.91964285714286,5.75,-1.16964285714286,9,2.08035714285714
"318",2014-11-14,9,7.37300452431549,6.75892857142857,5.75,-1.00892857142857,9,2.24107142857143
"319",2014-11-15,9,7.37300452431549,6.59821428571429,5.75,-0.848214285714286,9,2.40178571428571
"320",2014-11-16,9,7.37300452431549,6.4375,5.75,-0.6875,9,2.5625
"321",2014-11-17,9,7.37300452431549,6.27678571428571,5.75,-0.526785714285714,9,2.72321428571429
"322",2014-11-18,9,7.74684875176504,6.13392857142857,5.75,-0.383928571428571,8.25,2.11607142857143
"323",2014-11-19,8,7.82691356932379,6.02678571428571,5.75,-0.276785714285714,8.25,2.22321428571429
"324",2014-11-20,8,7.88896862170247,5.91964285714286,5.75,-0.169642857142857,8.25,2.33035714285714
"325",2014-11-21,8,8.17880705329298,5.8125,5.75,-0.0625,8.25,2.4375
"326",2014-11-22,8,8.17880705329298,5.70535714285714,5.75,0.0446428571428568,8.25,2.54464285714286
"327",2014-11-23,8,8.17880705329298,5.59821428571429,5.75,0.151785714285714,8.25,2.65178571428571
"328",2014-11-24,8,8.20080701784662,5.49107142857143,5,-0.491071428571429,8.25,2.75892857142857
"329",2014-11-25,8.25,8.29012676117997,5.375,5,-0.375,8.25,2.875
"330",2014-11-26,8.25,8.33121911355567,5.25892857142857,5,-0.258928571428571,8.25,2.99107142857143
"331",2014-11-27,8.25,8.39735085192184,5.14285714285714,5,-0.142857142857143,5.75,0.607142857142857
"332",2014-11-28,5.75,8.52866648426435,5.11607142857143,5,-0.116071428571429,5.75,0.633928571428571
"333",2014-11-29,5.75,8.52866648426435,5.08928571428571,5,-0.0892857142857144,5.75,0.660714285714286
"334",2014-11-30,5.75,8.52866648426435,5.0625,5,-0.0625,5.75,0.6875
"335",2014-12-01,5.75,7.12692957228231,5.07142857142857,5,-0.0714285714285712,6,0.928571428571429
"336",2014-12-02,5.75,7.64592375436385,5.08035714285714,5,-0.0803571428571432,6,0.919642857142857
"337",2014-12-03,5.75,7.64875733978872,5.08928571428571,5,-0.0892857142857144,6,0.910714285714286
"338",2014-12-04,5.75,7.65174133198325,5.09821428571429,5,-0.0982142857142856,6,0.901785714285714
"339",2014-12-05,5.75,7.54067445941125,5.10714285714286,5,-0.107142857142857,6,0.892857142857143
"340",2014-12-06,5.75,7.54067445941125,5.11607142857143,5,-0.116071428571429,6,0.883928571428571
"341",2014-12-07,5.75,7.54067445941125,5.125,5,-0.125,6,0.875
"342",2014-12-08,5.75,7.56836780793468,5.13392857142857,5,-0.133928571428571,6,0.866071428571429
"343",2014-12-09,4.25,6.55082928036378,5.19642857142857,5,-0.196428571428571,6,0.803571428571429
"344",2014-12-10,4.25,6.49679272566159,5.25892857142857,5,-0.258928571428571,6,0.741071428571429
"345",2014-12-11,4.25,6.56159866611734,5.32142857142857,5,-0.321428571428571,6,0.678571428571429
"346",2014-12-12,4.5,6.14863962910493,5.36607142857143,5,-0.366071428571429,6,0.633928571428571
"347",2014-12-13,4.5,6.14863962910493,5.41071428571429,5,-0.410714285714286,6,0.589285714285714
"348",2014-12-14,4.5,6.14863962910493,5.45535714285714,5,-0.455357142857143,6,0.544642857142857
"349",2014-12-15,4.5,5.59476919011388,5.5,5,-0.5,6,0.5
"350",2014-12-16,5,7.83754446856865,5.52678571428571,5,-0.526785714285714,6,0.473214285714286
"351",2014-12-17,5,7.98339834170747,5.55357142857143,5,-0.553571428571429,6,0.446428571428571
"352",2014-12-18,5,7.99270741437464,5.58035714285714,5,-0.580357142857143,6,0.419642857142857
"353",2014-12-19,5,7.08952157600982,5.60714285714286,5,-0.607142857142857,6,0.392857142857143
"354",2014-12-20,5,7.08952157600982,5.63392857142857,5,-0.633928571428571,6,0.366071428571429
"355",2014-12-21,5,7.08952157600982,5.66071428571429,5,-0.660714285714286,6,0.339285714285714
"356",2014-12-22,5,8.58338989466337,5.6875,5,-0.6875,6,0.3125
"357",2014-12-23,5,8.72835462006159,5.71428571428571,5,-0.714285714285714,6,0.285714285714286
"358",2014-12-24,5,7.90676472036146,5.74107142857143,5,-0.741071428571429,6,0.258928571428571
"359",2014-12-25,5,7.90676472036146,5.76785714285714,5,-0.767857142857143,6,0.232142857142857
"360",2014-12-26,5,6.96926934564736,5.79464285714286,5,-0.794642857142857,6,0.205357142857143
"361",2014-12-27,5,6.96926934564736,5.82142857142857,5,-0.821428571428571,6,0.178571428571429
"362",2014-12-28,5,6.96926934564736,5.84821428571429,6,0.151785714285714,6,0.151785714285714
"363",2014-12-29,6,6.94168065374592,5.83928571428571,6,0.160714285714286,6,0.160714285714286
"364",2014-12-30,6,6.9374598735831,5.83035714285714,6,0.169642857142857,6,0.169642857142857
"365",2014-12-31,6,6.95028742097523,5.82142857142857,6,0.178571428571429,6,0.178571428571429
"366",2015-01-01,6,6.95028742097523,5.8125,5.75,-0.0625,6,0.1875
"367",2015-01-02,6,5.86188246642102,5.80357142857143,5.75,-0.0535714285714288,6,0.196428571428571
"368",2015-01-03,6,5.86188246642102,5.79464285714286,5.75,-0.0446428571428568,6,0.205357142857143
"369",2015-01-04,6,5.86188246642102,5.78571428571429,5.75,-0.0357142857142856,6,0.214285714285714
"370",2015-01-05,6,5.83864417596479,5.77678571428571,5.75,-0.0267857142857144,6,0.223214285714286
"371",2015-01-06,6,6.07680292278194,5.77678571428571,6,0.223214285714286,6,0.223214285714286
"372",2015-01-07,6,6.12248278693366,5.75,6,0.25,6,0.25
"373",2015-01-08,6,6.14463947251852,5.72321428571429,6,0.276785714285714,6,0.276785714285714
"374",2015-01-09,5.75,6.56257746340835,5.70535714285714,6,0.294642857142857,6,0.294642857142857
"375",2015-01-10,5.75,6.56257746340835,5.6875,6,0.3125,6,0.3125
"376",2015-01-11,5.75,6.56257746340835,5.66964285714286,6,0.330357142857143,6,0.330357142857143
"377",2015-01-12,5.75,6.46440472347,5.65178571428571,6,0.348214285714286,6,0.348214285714286
"378",2015-01-13,5.75,6.71526909588821,5.63392857142857,6,0.366071428571429,6,0.366071428571429
"379",2015-01-14,5.75,6.40837616699658,5.61607142857143,6,0.383928571428571,6,0.383928571428571
"380",2015-01-15,5.75,6.41719359551726,5.59821428571429,6,0.401785714285714,6,0.401785714285714
"381",2015-01-16,5.75,6.40495207398651,5.58035714285714,5.25,-0.330357142857143,6,0.419642857142857
"382",2015-01-17,5.75,6.40495207398651,5.5625,5.25,-0.3125,6,0.4375
"383",2015-01-18,5.75,6.40495207398651,5.54464285714286,5.25,-0.294642857142857,6,0.455357142857143
"384",2015-01-19,5.75,6.28066115280023,5.52678571428571,5.25,-0.276785714285714,6,0.473214285714286
"385",2015-01-20,5.75,6.15690839947439,5.50892857142857,5.25,-0.258928571428571,6,0.491071428571429
"386",2015-01-21,5.75,5.92035140909523,5.49107142857143,5.25,-0.241071428571429,6,0.508928571428571
"387",2015-01-22,5.75,5.83810966621522,5.47321428571429,5.25,-0.223214285714286,6,0.526785714285714
"388",2015-01-23,5.75,5.821003951633,5.45535714285714,5.25,-0.205357142857143,6,0.544642857142857
"389",2015-01-24,5.75,5.821003951633,5.4375,5.25,-0.1875,6,0.5625
"390",2015-01-25,5.75,5.821003951633,5.41964285714286,5.25,-0.169642857142857,6,0.580357142857143
"391",2015-01-26,5.75,6.29388992027956,5.40178571428571,5.25,-0.151785714285714,6,0.598214285714286
"392",2015-01-27,5.75,6.36863290062042,5.38392857142857,5.25,-0.133928571428571,6,0.616071428571429
"393",2015-01-28,5.75,6.33525247886389,5.36607142857143,5.25,-0.116071428571429,6,0.633928571428571
"394",2015-01-29,5.75,6.09049218998256,5.34821428571429,5.25,-0.0982142857142856,6,0.651785714285714
"395",2015-01-30,5.75,6.57240507662304,5.32142857142857,5.25,-0.0714285714285712,6,0.678571428571429
"396",2015-01-31,5.75,6.57240507662304,5.29464285714286,5.25,-0.0446428571428568,6,0.705357142857143
"397",2015-02-01,5.75,6.57240507662304,5.26785714285714,5.25,-0.0178571428571432,6,0.732142857142857
"398",2015-02-02,5.75,6.57240507662304,5.24107142857143,5.25,0.00892857142857117,6,0.758928571428571
"399",2015-02-03,6,6.83432778098896,5.20535714285714,5.25,0.0446428571428568,5.25,0.0446428571428568
"400",2015-02-04,5.25,6.42310727481984,5.19642857142857,5.25,0.0535714285714288,5.25,0.0535714285714288
"401",2015-02-05,5.25,6.7224228935367,5.1875,5.25,0.0625,5.25,0.0625
"402",2015-02-06,5.25,6.76701562322581,5.17857142857143,5.25,0.0714285714285712,5.25,0.0714285714285712
"403",2015-02-07,5.25,6.76701562322581,5.16964285714286,5.25,0.0803571428571432,5.25,0.0803571428571432
"404",2015-02-08,5.25,6.76701562322581,5.16071428571429,5.25,0.0892857142857144,5.25,0.0892857142857144
"405",2015-02-09,5.25,6.76142411894151,5.15178571428571,5.25,0.0982142857142856,5.25,0.0982142857142856
"406",2015-02-10,5.25,6.64191380175433,5.14285714285714,5.25,0.107142857142857,5.25,0.107142857142857
"407",2015-02-11,5.25,6.7354815316973,5.13392857142857,5.25,0.116071428571429,5.25,0.116071428571429
"408",2015-02-12,5.25,6.78013327273738,5.125,5.25,0.125,5.25,0.125
"409",2015-02-13,5.25,6.9180023234855,5.08035714285714,5.25,0.169642857142857,5.25,0.169642857142857
"410",2015-02-14,5.25,6.9180023234855,5.03571428571429,5.25,0.214285714285714,5.25,0.214285714285714
"411",2015-02-15,5.25,6.9180023234855,4.99107142857143,5.25,0.258928571428571,5.25,0.258928571428571
"412",2015-02-16,5.25,6.84402677418354,4.94642857142857,5.25,0.303571428571429,5.25,0.303571428571429
"413",2015-02-17,5.25,6.88660803267663,4.90178571428571,5.25,0.348214285714286,5.25,0.348214285714286
"414",2015-02-18,5.25,6.89787732899426,4.89285714285714,5.25,0.357142857142857,5.25,0.357142857142857
"415",2015-02-19,5.25,6.77869515490224,4.88392857142857,5.25,0.366071428571429,5.25,0.366071428571429
"416",2015-02-20,5.25,6.91252003150439,4.875,5.25,0.375,5.25,0.375
"417",2015-02-21,5.25,6.91252003150439,4.86607142857143,5.25,0.383928571428571,5.25,0.383928571428571
"418",2015-02-22,5.25,6.91252003150439,4.85714285714286,5.25,0.392857142857143,5.25,0.392857142857143
"419",2015-02-23,5.25,6.96182002121467,4.84821428571429,5,0.151785714285714,5.25,0.401785714285714
"420",2015-02-24,5.25,6.93806594085286,4.83928571428571,5,0.160714285714286,5.25,0.410714285714286
"421",2015-02-25,5.25,6.92138243525049,4.83035714285714,5,0.169642857142857,5.25,0.419642857142857
"422",2015-02-26,5.25,6.78536454654276,4.82142857142857,5,0.178571428571429,5,0.178571428571429
"423",2015-02-27,5,6.94837966408398,4.82142857142857,5,0.178571428571429,5,0.178571428571429
"424",2015-02-28,5,6.94837966408398,4.82142857142857,5,0.178571428571429,5,0.178571428571429
"425",2015-03-01,5,6.94837966408398,4.82142857142857,5,0.178571428571429,5,0.178571428571429
"426",2015-03-02,5,5.10404636283261,4.82142857142857,5,0.178571428571429,5,0.178571428571429
"427",2015-03-03,5,5.37623155446459,4.82142857142857,5,0.178571428571429,5,0.178571428571429
"428",2015-03-04,5,5.35039713551244,4.82142857142857,5,0.178571428571429,5,0.178571428571429
"429",2015-03-05,5,5.32804844503582,4.82142857142857,5,0.178571428571429,5,0.178571428571429
"430",2015-03-06,5,5.33467973926837,4.82142857142857,5,0.178571428571429,5,0.178571428571429
"431",2015-03-07,5,5.33467973926837,4.82142857142857,5,0.178571428571429,5,0.178571428571429
"432",2015-03-08,5,5.33467973926837,4.82142857142857,5,0.178571428571429,5,0.178571428571429
"433",2015-03-09,5,4.70060900704545,4.82142857142857,5,0.178571428571429,5,0.178571428571429
"434",2015-03-10,5,4.77982420468723,4.82142857142857,5,0.178571428571429,5,0.178571428571429
"435",2015-03-11,5,4.77719637198815,4.82142857142857,5,0.178571428571429,5,0.178571428571429
"436",2015-03-12,5,4.79357705644081,4.82142857142857,5,0.178571428571429,5,0.178571428571429
"437",2015-03-13,4,4.4729838961702,4.85714285714286,5,0.142857142857143,5,0.142857142857143
"438",2015-03-14,4,4.4729838961702,4.89285714285714,5,0.107142857142857,5,0.107142857142857
"439",2015-03-15,4,4.4729838961702,4.92857142857143,5,0.0714285714285712,5,0.0714285714285712
"440",2015-03-16,4,4.4729838961702,4.96428571428571,5,0.0357142857142856,5,0.0357142857142856
"441",2015-03-17,4,4.09737492247102,5,5,0,5,0
"442",2015-03-18,5,4.08802550314307,5,5,0,5,0
"443",2015-03-19,5,4.09315913014608,5,5,0,5,0
"444",2015-03-20,5,4.10059110894546,5,5,0,5,0
"445",2015-03-21,5,4.10059110894546,5,5,0,5,0
"446",2015-03-22,5,4.10059110894546,5,5,0,5,0
"447",2015-03-23,5,6.32562753797681,5,5,0,5,0
"448",2015-03-24,5,5.32452477233676,5,5,0,5,0
"449",2015-03-25,5,5.29780694479429,5,5,0,5,0
"450",2015-03-26,5,5.24219071423028,5,5,0,5,0
"451",2015-03-27,5,5.24219071423028,5,5,0,5,0
"452",2015-03-28,5,5.24219071423028,5,5,0,5,0
"453",2015-03-29,5,5.24219071423028,5,5,0,5,0
"454",2015-03-30,5,5.27691537376302,5,5,0,5,0
"455",2015-03-31,5,5.26976689775509,5,5,0,5,0
"456",2015-04-01,5,5.08655374574057,5,5,0,5,0
"457",2015-04-02,5,5.08655374574057,5,5,0,5,0
"458",2015-04-03,5,5.08655374574057,5,5,0,5,0
"459",2015-04-04,5,5.08655374574057,5,5,0,5,0
"460",2015-04-05,5,5.08655374574057,5,5,0,5,0
"461",2015-04-06,5,5.02703435638714,5,5,0,5,0
"462",2015-04-07,5,5.06498788838053,5,5,0,5,0
"463",2015-04-08,5,5.07667507667338,5,5,0,5,0
"464",2015-04-09,5,5.08415861726933,5,5,0,5,0
"465",2015-04-10,5,5.08415861726933,5,5,0,5,0
"466",2015-04-11,5,5.08415861726933,5,5,0,5,0
"467",2015-04-12,5,5.08415861726933,5,5,0,5,0
"468",2015-04-13,5,5.08415861726933,4.98214285714286,5,0.0178571428571432,5,0.0178571428571432
"469",2015-04-14,5,5.08415861726933,4.96428571428571,5,0.0357142857142856,5,0.0357142857142856
"470",2015-04-15,5,5.08415861726933,4.94642857142857,5,0.0535714285714288,5,0.0535714285714288
"471",2015-04-16,5,5.08415861726933,4.92857142857143,5,0.0714285714285712,5,0.0714285714285712
"472",2015-04-17,5,5.08415861726933,4.91071428571429,5,0.0892857142857144,5,0.0892857142857144
"473",2015-04-18,5,5.08415861726933,4.89285714285714,5,0.107142857142857,5,0.107142857142857
"474",2015-04-19,5,5.08415861726933,4.875,5,0.125,5,0.125
"475",2015-04-20,5,5.08415861726933,4.85714285714286,5,0.142857142857143,5,0.142857142857143
"476",2015-04-21,5,5.08415861726933,4.83928571428571,5,0.160714285714286,5,0.160714285714286
"477",2015-04-22,5,5.08415861726933,4.82142857142857,5,0.178571428571429,5,0.178571428571429
"478",2015-04-23,5,5.08415861726933,4.80357142857143,5,0.196428571428571,5,0.196428571428571
"479",2015-04-24,5,5.08415861726933,4.78571428571429,5,0.214285714285714,5,0.214285714285714
"480",2015-04-25,5,5.08415861726933,4.76785714285714,5,0.232142857142857,5,0.232142857142857
"481",2015-04-26,5,5.08415861726933,4.75,5,0.25,5,0.25
"482",2015-04-27,5,5.08415861726933,4.73214285714286,5,0.267857142857143,5,0.267857142857143
"483",2015-04-28,5,4.15690216180215,4.69642857142857,5,0.303571428571429,5,0.303571428571429
"484",2015-04-29,5,4.09411303334008,4.66071428571429,5,0.339285714285714,5,0.339285714285714
"485",2015-04-30,5,3.74948415057157,4.625,5,0.375,5,0.375
"486",2015-05-01,5,3.74948415057157,4.58928571428571,5,0.410714285714286,5,0.410714285714286
"487",2015-05-02,5,3.74948415057157,4.55357142857143,5,0.446428571428571,5,0.446428571428571
"488",2015-05-03,5,3.74948415057157,4.51785714285714,5,0.482142857142857,5,0.482142857142857
"489",2015-05-04,5,4.69863164929931,4.5,5,0.5,5,0.5
"490",2015-05-05,5,4.69863164929931,4.48214285714286,4.5,0.0178571428571432,5,0.517857142857143
"491",2015-05-06,5,4.53500131968727,4.46428571428571,4.5,0.0357142857142856,5,0.535714285714286
"492",2015-05-07,5,4.46448281067545,4.44642857142857,4.5,0.0535714285714288,5,0.553571428571429
"493",2015-05-08,5,4.46448281067545,4.42857142857143,4.5,0.0714285714285712,5,0.571428571428571
"494",2015-05-09,5,4.46448281067545,4.41071428571429,4.5,0.0892857142857144,5,0.589285714285714
"495",2015-05-10,5,4.46448281067545,4.39285714285714,4.5,0.107142857142857,4.5,0.107142857142857
"496",2015-05-11,4.5,4.6290445260589,4.39285714285714,4.5,0.107142857142857,4.5,0.107142857142857
"497",2015-05-12,4.5,4.67707733091252,4.41071428571429,4.5,0.0892857142857144,5,0.589285714285714
"498",2015-05-13,4.5,4.50830706579307,4.42857142857143,4.5,0.0714285714285712,5,0.571428571428571
"499",2015-05-14,4.5,4.50181999409883,4.44642857142857,4.5,0.0535714285714288,5,0.553571428571429
"500",2015-05-15,4.5,4.25714344108344,4.46428571428571,4.5,0.0357142857142856,5,0.535714285714286
"501",2015-05-16,4.5,4.25714344108344,4.48214285714286,4.5,0.0178571428571432,5,0.517857142857143
"502",2015-05-17,4.5,4.25714344108344,4.5,4.5,0,5,0.5
"503",2015-05-18,4.5,4.17779756786118,4.51785714285714,4.5,-0.0178571428571432,5,0.482142857142857
"504",2015-05-19,4.5,4.4332202930943,4.53571428571429,4.5,-0.0357142857142856,5,0.464285714285714
"505",2015-05-20,4.5,4.4332202930943,4.55357142857143,4.5,-0.0535714285714288,5,0.446428571428571
"506",2015-05-21,4.5,4.41389953606292,4.57142857142857,4.5,-0.0714285714285712,5,0.428571428571429
"507",2015-05-22,4.5,4.39666532515794,4.58928571428571,4.5,-0.0892857142857144,5,0.410714285714286
"508",2015-05-23,4.5,4.39666532515794,4.60714285714286,4.5,-0.107142857142857,5,0.392857142857143
"509",2015-05-24,4.5,4.39666532515794,4.625,4.5,-0.125,5,0.375
"510",2015-05-25,4.5,4.22865422065713,4.64285714285714,4.5,-0.142857142857143,5,0.357142857142857
"511",2015-05-26,4,4.13590431820352,4.67857142857143,4.5,-0.178571428571429,5,0.321428571428571
"512",2015-05-27,4,4.06853543926834,4.71428571428571,4.5,-0.214285714285714,5,0.285714285714286
"513",2015-05-28,4,4.04976358934702,4.75,4.5,-0.25,5,0.25
"514",2015-05-29,4,4.04976358934702,4.85714285714286,4.5,-0.357142857142857,7,2.14285714285714
"515",2015-05-30,4,4.04976358934702,4.96428571428571,4.5,-0.464285714285714,7,2.03571428571429
"516",2015-05-31,4,4.04976358934702,5.07142857142857,4.5,-0.571428571428571,7,1.92857142857143
"517",2015-06-01,4.5,3.98978580346485,5.16071428571429,4.5,-0.660714285714286,7,1.83928571428571
"518",2015-06-02,4.5,4.04097820941741,5.25,4.5,-0.75,7,1.75
"519",2015-06-03,4.5,6.09548570158005,5.33928571428571,7,1.66071428571429,7,1.66071428571429
"520",2015-06-04,4.5,6.0827515886936,5.42857142857143,7,1.57142857142857,7,1.57142857142857
"521",2015-06-05,4.5,6.11914198507872,5.53571428571429,7,1.46428571428571,7.5,1.96428571428571
"522",2015-06-06,4.5,6.11914198507872,5.64285714285714,7,1.35714285714286,7.5,1.85714285714286
"523",2015-06-07,4.5,6.11914198507872,5.75,7,1.25,7.5,1.75
"524",2015-06-08,4.5,4.07486056287247,5.85714285714286,7,1.14285714285714,7.5,1.64285714285714
"525",2015-06-09,5,4.01392443393233,5.94642857142857,7,1.05357142857143,7.5,1.55357142857143
"526",2015-06-10,5,4.06589070128992,6.03571428571429,7,0.964285714285714,7.5,1.46428571428571
"527",2015-06-11,5,4.04619713560187,6.125,7,0.875,7.5,1.375
"528",2015-06-12,5,3.92101378980883,6.21428571428571,7,0.785714285714286,7.5,1.28571428571429
"529",2015-06-13,5,3.92101378980883,6.30357142857143,7,0.696428571428571,7.5,1.19642857142857
"530",2015-06-14,5,3.92101378980883,6.39285714285714,7,0.607142857142857,7.5,1.10714285714286
"531",2015-06-15,5,3.84915417458431,6.48214285714286,7,0.517857142857143,7.5,1.01785714285714
"532",2015-06-16,5,4.01965455877486,6.57142857142857,7,0.428571428571429,7.5,0.928571428571429
"533",2015-06-17,5,3.99920398816937,6.66071428571429,7,0.339285714285714,7.5,0.839285714285714
"534",2015-06-18,5,4.07562172728024,6.75,7,0.25,7.5,0.75
"535",2015-06-19,5,4.0529008276629,6.83928571428571,7,0.160714285714286,7.5,0.660714285714286
"536",2015-06-20,5,4.0529008276629,6.92857142857143,7,0.0714285714285712,7.5,0.571428571428571
"537",2015-06-21,5,4.0529008276629,7.01785714285714,7,-0.0178571428571432,7.5,0.482142857142857
"538",2015-06-22,5,4.91806962653085,7.10714285714286,7,-0.107142857142857,7.5,0.392857142857143
"539",2015-06-23,5,4.90645939925959,7.16071428571429,7,-0.160714285714286,7.5,0.339285714285714
"540",2015-06-24,5,4.94983983899068,7.21428571428571,7,-0.214285714285714,7.5,0.285714285714286
"541",2015-06-25,5,4.9921266235519,7.26785714285714,7,-0.267857142857143,7.5,0.232142857142857
"542",2015-06-26,7,5.73873285653299,7.25,7,-0.25,7.5,0.25
"543",2015-06-27,7,5.73873285653299,7.23214285714286,7,-0.232142857142857,7.5,0.267857142857143
"544",2015-06-28,7,5.73873285653299,7.21428571428571,7,-0.214285714285714,7.5,0.285714285714286
"545",2015-06-29,7,5.82713334751612,7.19642857142857,7,-0.196428571428571,7.5,0.303571428571429
"546",2015-06-30,7,5.82260523803247,7.17857142857143,7,-0.178571428571429,7.5,0.321428571428571
"547",2015-07-01,7,7.19808053933998,7.16071428571429,7,-0.160714285714286,7.5,0.339285714285714
"548",2015-07-02,7,7.22362397184371,7.14285714285714,7.5,0.357142857142857,7.5,0.357142857142857
"549",2015-07-03,7.5,7.13921393051056,7.07142857142857,7.5,0.428571428571429,7.5,0.428571428571429
"550",2015-07-04,7.5,7.13921393051056,7,7.5,0.5,7.5,0.5
"551",2015-07-05,7.5,7.13921393051056,6.92857142857143,7.5,0.571428571428571,7.5,0.571428571428571
"552",2015-07-06,7.5,7.2137556497447,6.85714285714286,7.5,0.642857142857143,7.5,0.642857142857143
"553",2015-07-07,7.5,6.84173820204839,6.78571428571429,7.5,0.714285714285714,7.5,0.714285714285714
"554",2015-07-08,7.5,6.66233460534621,6.71428571428571,7.5,0.785714285714286,7.5,0.785714285714286
"555",2015-07-09,7.5,6.64073501256408,6.64285714285714,7.5,0.857142857142857,7.5,0.857142857142857
"556",2015-07-10,7.5,6.61489194874357,6.57142857142857,7.5,0.928571428571429,7.5,0.928571428571429
"557",2015-07-11,7.5,6.61489194874357,6.5,7.5,1,7.5,1
"558",2015-07-12,7.5,6.61489194874357,6.42857142857143,7.5,1.07142857142857,7.5,1.07142857142857
"559",2015-07-13,7.5,6.43786467759164,6.35714285714286,7.5,1.14285714285714,7.5,1.14285714285714
"560",2015-07-14,7.5,6.37231676988639,6.28571428571429,7.5,1.21428571428571,7.5,1.21428571428571
"561",2015-07-15,7.5,6.37406869330438,6.21428571428571,7.5,1.28571428571429,7.5,1.28571428571429
"562",2015-07-16,7.5,6.37539840597112,6.14285714285714,5.5,-0.642857142857143,7.5,1.35714285714286
"563",2015-07-17,7.5,6.17360667130535,6.07142857142857,5.5,-0.571428571428571,7.5,1.42857142857143
"564",2015-07-18,7.5,6.17360667130535,6,5.5,-0.5,7.5,1.5
"565",2015-07-19,7.5,6.17360667130535,5.92857142857143,5.5,-0.428571428571429,7.5,1.57142857142857
"566",2015-07-20,7.5,6.21988339993898,5.85714285714286,5.5,-0.357142857142857,6.5,0.642857142857143
"567",2015-07-21,6.5,5.63043246085766,5.875,5.5,-0.375,7,1.125
"568",2015-07-22,6.5,5.63825540338433,5.89285714285714,5.5,-0.392857142857143,7,1.10714285714286
"569",2015-07-23,6.5,5.8857848467875,5.91071428571429,5.5,-0.410714285714286,7,1.08928571428571
"570",2015-07-24,6.5,5.83405450326698,5.92857142857143,7,1.07142857142857,7,1.07142857142857
"571",2015-07-25,6.5,5.83405450326698,5.94642857142857,7,1.05357142857143,7,1.05357142857143
"572",2015-07-26,6.5,5.83405450326698,5.96428571428571,7,1.03571428571429,7,1.03571428571429
"573",2015-07-27,6.5,5.86196295858457,5.98214285714286,7,1.01785714285714,7,1.01785714285714
"574",2015-07-28,6.5,5.85886912218051,6.07142857142857,7,0.928571428571429,9,2.92857142857143
"575",2015-07-29,6.5,5.82350417128427,6.16071428571429,7,0.839285714285714,9,2.83928571428571
"576",2015-07-30,6.5,5.8395968304014,6.25,7,0.75,9,2.75
"577",2015-07-31,5.5,5.69724576796382,6.375,7,0.625,9,2.625
"578",2015-08-01,5.5,5.69724576796382,6.5,7,0.5,9,2.5
"579",2015-08-02,5.5,5.69724576796382,6.625,7,0.375,9,2.375
"580",2015-08-03,5.5,5.5364560368552,6.75,7,0.25,9,2.25
"581",2015-08-04,5.5,5.55253455256329,6.875,9,2.125,9,2.125
"582",2015-08-05,5.5,5.53626227547088,7,9,2,9,2
"583",2015-08-06,5.5,5.57660682355269,7.125,9,1.875,9,1.875
"584",2015-08-07,5.5,5.62735982423052,7.25,9,1.75,9,1.75
"585",2015-08-08,5.5,5.62735982423052,7.375,9,1.625,9,1.625
"586",2015-08-09,5.5,5.62735982423052,7.5,9,1.5,9,1.5
"587",2015-08-10,5.5,5.78252103374479,7.625,9,1.375,9,1.375
"588",2015-08-11,5.5,6.1919133499338,7.75,9,1.25,9,1.25
"589",2015-08-12,5.5,6.20435966736339,7.875,9,1.125,9,1.125
"590",2015-08-13,5.5,6.93736109239268,8,9,1,9,1
"591",2015-08-14,5.5,6.10801654053218,8.125,9,0.875,9,0.875
"592",2015-08-15,5.5,6.10801654053218,8.25,9,0.75,9,0.75
"593",2015-08-16,5.5,6.10801654053218,8.375,9,0.625,9,0.625
"594",2015-08-17,5.5,6.10689210667668,8.5,9,0.5,9,0.5
"595",2015-08-18,7,6.53883855902452,8.58928571428571,9,0.410714285714286,9.5,0.910714285714286
"596",2015-08-19,7,6.53327017727017,8.67857142857143,9,0.321428571428571,9.5,0.821428571428571
"597",2015-08-20,7,6.5289550263555,8.76785714285714,9,0.232142857142858,9.5,0.732142857142858
"598",2015-08-21,7,6.99466053456144,8.85714285714286,9,0.142857142857142,9.5,0.642857142857142
"599",2015-08-22,7,6.99466053456144,8.94642857142857,9,0.0535714285714288,9.5,0.553571428571429
"600",2015-08-23,7,6.99466053456144,9.03571428571429,9,-0.0357142857142865,9.5,0.464285714285714
"601",2015-08-24,7,7.82925060519116,9.125,9,-0.125,9.5,0.375
"602",2015-08-25,9,7.46118715918466,9.125,9,-0.125,9.5,0.375
"603",2015-08-26,9,7.46118715918466,9.125,9,-0.125,9.5,0.375
"604",2015-08-27,9,7.47636387744985,9.125,9,-0.125,9.5,0.375
"605",2015-08-28,9,7.41955110258773,9.16071428571429,9,-0.160714285714286,10,0.839285714285714
"606",2015-08-29,9,7.41955110258773,9.19642857142857,9,-0.196428571428571,10,0.803571428571429
"607",2015-08-30,9,7.41955110258773,9.23214285714286,9,-0.232142857142858,10,0.767857142857142
"608",2015-08-31,9,7.51357681691235,9.26785714285714,9,-0.267857142857142,10,0.732142857142858
"609",2015-09-01,9,8.8028261086268,9.33928571428571,9,-0.339285714285714,11,1.66071428571429
"610",2015-09-02,9,8.81688155432122,9.41071428571429,9,-0.410714285714286,11,1.58928571428571
"611",2015-09-03,9,8.76223502021947,9.48214285714286,11,1.51785714285714,11,1.51785714285714
"612",2015-09-04,9,9.0018172086472,9.55357142857143,11,1.44642857142857,11,1.44642857142857
"613",2015-09-05,9,9.0018172086472,9.625,11,1.375,11,1.375
"614",2015-09-06,9,9.0018172086472,9.69642857142857,11,1.30357142857143,11,1.30357142857143
"615",2015-09-07,9,9.38113972414132,9.76785714285714,11,1.23214285714286,11,1.23214285714286
"616",2015-09-08,9,8.89788280340123,9.83928571428571,11,1.16071428571429,11,1.16071428571429
"617",2015-09-09,9,8.9039881738904,9.91071428571429,11,1.08928571428571,11,1.08928571428571
"618",2015-09-10,9,8.91138332223496,9.98214285714286,11,1.01785714285714,11,1.01785714285714
"619",2015-09-11,9,8.89326418613342,10.1428571428571,11,0.857142857142858,13.5,3.35714285714286
"620",2015-09-12,9,8.89326418613342,10.3035714285714,11,0.696428571428571,13.5,3.19642857142857
"621",2015-09-13,9,8.89326418613342,10.4642857142857,11,0.535714285714286,13.5,3.03571428571429
"622",2015-09-14,9,7.92088304358909,10.625,11,0.375,13.5,2.875
"623",2015-09-15,9.5,7.04121356194473,10.7321428571429,11,0.267857142857142,13.5,2.76785714285714
"624",2015-09-16,9.5,7.04121356194473,10.8392857142857,11,0.160714285714286,13.5,2.66071428571429
"625",2015-09-17,9.5,6.91040120308886,10.9464285714286,11,0.0535714285714288,13.5,2.55357142857143
"626",2015-09-18,9.5,6.9055655422954,11.0535714285714,11,-0.0535714285714288,13.5,2.44642857142857
"627",2015-09-19,9.5,6.9055655422954,11.1607142857143,11,-0.160714285714286,13.5,2.33928571428571
"628",2015-09-20,9.5,6.9055655422954,11.2678571428571,11,-0.267857142857142,13.5,2.23214285714286
"629",2015-09-21,9.5,7.46022953191796,11.375,11,-0.375,13.5,2.125
"630",2015-09-22,9,7.08252149655936,11.5,11,-0.5,13.5,2
"631",2015-09-23,9,7.08380724906099,11.5178571428571,11,-0.517857142857142,13.5,1.98214285714286
"632",2015-09-24,9,7.08448005408828,11.5357142857143,11,-0.535714285714286,13.5,1.96428571428571
"633",2015-09-25,10,7.05420996813771,11.5178571428571,11,-0.517857142857142,13.5,1.98214285714286
"634",2015-09-26,10,7.05420996813771,11.5,11,-0.5,13.5,2
"635",2015-09-27,10,7.05420996813771,11.4821428571429,11,-0.482142857142858,13.5,2.01785714285714
"636",2015-09-28,10,6.98053331230962,11.4642857142857,11,-0.464285714285714,13.5,2.03571428571429
"637",2015-09-29,11,8.28394224644815,11.5535714285714,11,-0.553571428571429,13.5,1.94642857142857
"638",2015-09-30,11,8.28343277981206,11.6428571428571,11,-0.642857142857142,13.5,1.85714285714286
"639",2015-10-01,11,10.8606957083421,11.7321428571429,11,-0.732142857142858,13.5,1.76785714285714
"640",2015-10-02,11,11.2219928710018,11.7857142857143,11,-0.785714285714286,13.5,1.71428571428571
"641",2015-10-03,11,11.2219928710018,11.8392857142857,11,-0.839285714285714,13.5,1.66071428571429
"642",2015-10-04,11,11.2219928710018,11.8928571428571,11,-0.892857142857142,13.5,1.60714285714286
"643",2015-10-05,11,11.1156214842455,11.9464285714286,13.5,1.55357142857143,13.5,1.55357142857143
"644",2015-10-06,11,9.25882521437026,12,12.5,0.5,13.5,1.5
"645",2015-10-07,11,9.78948721060684,12.0178571428571,12.5,0.482142857142858,13.5,1.48214285714286
"646",2015-10-08,11,9.81535011422456,12.0357142857143,12.5,0.464285714285714,13.5,1.46428571428571
"647",2015-10-09,13.5,10.4716858234159,11.9642857142857,12.5,0.535714285714286,13.5,1.53571428571429
"648",2015-10-10,13.5,10.4716858234159,11.8928571428571,12.5,0.607142857142858,13.5,1.60714285714286
"649",2015-10-11,13.5,10.4716858234159,11.8214285714286,12.5,0.678571428571429,13.5,1.67857142857143
"650",2015-10-12,13.5,10.5466706291078,11.75,12.5,0.75,13.5,1.75
"651",2015-10-13,12.5,9.82360254597426,11.6785714285714,12.5,0.821428571428571,13.5,1.82142857142857
"652",2015-10-14,12.5,9.51430357841304,11.6071428571429,12.5,0.892857142857142,13.5,1.89285714285714
"653",2015-10-15,12.5,9.81461189791097,11.5357142857143,12.5,0.964285714285714,13.5,1.96428571428571
"654",2015-10-16,12.5,9.67912401181728,11.4107142857143,12.5,1.08928571428571,13.5,2.08928571428571
"655",2015-10-17,12.5,9.67912401181728,11.2857142857143,12.5,1.21428571428571,13.5,2.21428571428571
"656",2015-10-18,12.5,9.67912401181728,11.1607142857143,12.5,1.33928571428571,13.5,2.33928571428571
"657",2015-10-19,12.5,9.63810077810533,11.0357142857143,12.5,1.46428571428571,13.5,2.46428571428571
"658",2015-10-20,12.5,7.1544572988229,10.9107142857143,12.5,1.58928571428571,13.5,2.58928571428571
"659",2015-10-21,9.5,7.15451623813303,10.8214285714286,12.5,1.67857142857143,13.5,2.67857142857143
"660",2015-10-22,9.5,7.15448777540447,10.7321428571429,12.5,1.76785714285714,13.5,2.76785714285714
"661",2015-10-23,9.5,7.21142421749341,10.6428571428571,12.5,1.85714285714286,13.5,2.85714285714286
"662",2015-10-24,9.5,7.21142421749341,10.5535714285714,12.5,1.94642857142857,13.5,2.94642857142857
"663",2015-10-25,9.5,7.21142421749341,10.4642857142857,12.5,2.03571428571429,13.5,3.03571428571429
"664",2015-10-26,9.5,7.21360164508966,10.375,12.5,2.125,13.5,3.125
"665",2015-10-27,13.5,8.26923325481821,10.1428571428571,12.5,2.35714285714286,13.5,3.35714285714286
"666",2015-10-28,13.5,8.26835317598535,9.91071428571429,12.5,2.58928571428571,13.5,3.58928571428571
"667",2015-10-29,13.5,8.26792466905755,9.67857142857143,12.5,2.82142857142857,12.5,2.82142857142857
"668",2015-10-30,12.5,8.45290896677081,9.48214285714286,12.5,3.01785714285714,12.5,3.01785714285714
"669",2015-10-31,12.5,8.45290896677081,9.28571428571429,12.5,3.21428571428571,12.5,3.21428571428571
"670",2015-11-01,12.5,8.45290896677081,9.08928571428571,12.5,3.41071428571429,12.5,3.41071428571429
"671",2015-11-02,12.5,8.45290896677081,8.89285714285714,12.5,3.60714285714286,12.5,3.60714285714286
"672",2015-11-03,12.5,10.7671601210552,8.69642857142857,11.5,2.80357142857143,11.5,2.80357142857143
"673",2015-11-04,11.5,10.7619312567883,8.53571428571429,11.5,2.96428571428571,11.5,2.96428571428571
"674",2015-11-05,11.5,10.7383976644171,8.375,10.5,2.125,11.5,3.125
"675",2015-11-06,11.5,8.6626097511992,8.25,10.5,2.25,11.5,3.25
"676",2015-11-07,11.5,8.6626097511992,8.125,10.5,2.375,11.5,3.375
"677",2015-11-08,11.5,8.6626097511992,8,10.5,2.5,11.5,3.5
"678",2015-11-09,11.5,8.65770474016658,7.875,10.5,2.625,10.5,2.625
"679",2015-11-10,10.5,10.1467202380887,7.78571428571429,10.5,2.71428571428571,10.5,2.71428571428571
"680",2015-11-11,10.5,10.424132834706,7.69642857142857,10.5,2.80357142857143,10.5,2.80357142857143
"681",2015-11-12,10.5,10.2469723487443,7.60714285714286,7,-0.607142857142857,9,1.39285714285714
"682",2015-11-13,9,7.38650231679603,7.57142857142857,7,-0.571428571428571,9,1.42857142857143
"683",2015-11-14,9,7.38650231679603,7.53571428571429,7,-0.535714285714286,9,1.46428571428571
"684",2015-11-15,9,7.38650231679603,7.5,7,-0.5,9,1.5
"685",2015-11-16,9,7.38650231679603,7.46428571428571,7,-0.464285714285714,9,1.53571428571429
"686",2015-11-17,9,7.99434277880599,7.53571428571429,7,-0.535714285714286,11,3.46428571428571
"687",2015-11-18,7,7.99686830946037,7.67857142857143,7,-0.678571428571429,11,3.32142857142857
"688",2015-11-19,7,7.90163269915222,7.82142857142857,7,-0.821428571428571,11,3.17857142857143
"689",2015-11-20,7,7.90558915002461,7.96428571428571,7,-0.964285714285714,11,3.03571428571429
"690",2015-11-21,7,7.90558915002461,8.10714285714286,7,-1.10714285714286,11,2.89285714285714
"691",2015-11-22,7,7.90558915002461,8.25,7,-1.25,11,2.75
"692",2015-11-23,7,7.91487077276279,8.39285714285714,7,-1.39285714285714,11,2.60714285714286
"693",2015-11-24,7,8.83831646136226,8.53571428571429,7,-1.53571428571429,11,2.46428571428571
"694",2015-11-25,7,9.44414786920514,8.67857142857143,7,-1.67857142857143,11,2.32142857142857
"695",2015-11-26,7,9.57442778903645,8.82142857142857,7,-1.82142857142857,11,2.17857142857143
"696",2015-11-27,7,8.60308200317602,8.96428571428571,7,-1.96428571428571,11,2.03571428571429
"697",2015-11-28,7,8.60308200317602,9.10714285714286,7,-2.10714285714286,11,1.89285714285714
"698",2015-11-29,7,8.60308200317602,9.25,7,-2.25,11,1.75
"699",2015-11-30,7,8.5924350652867,9.39285714285714,7,-2.39285714285714,11,1.60714285714286
"700",2015-12-01,7,8.48141461673335,9.53571428571429,7,-2.53571428571429,11,1.46428571428571
"701",2015-12-02,7,8.65322885834885,9.67857142857143,7,-2.67857142857143,11,1.32142857142857
"702",2015-12-03,7,8.65051443996554,9.82142857142857,8,-1.82142857142857,11,1.17857142857143
"703",2015-12-04,8,7.60257160502041,9.92857142857143,8,-1.92857142857143,11,1.07142857142857
"704",2015-12-05,8,7.60257160502041,10.0357142857143,8,-2.03571428571429,11,0.964285714285714
"705",2015-12-06,8,7.60257160502041,10.1428571428571,8,-2.14285714285714,11,0.857142857142858
"706",2015-12-07,8,7.46440870915387,10.25,11,0.75,11,0.75
"707",2015-12-08,8,7.30431302817373,10.3571428571429,11,0.642857142857142,11,0.642857142857142
"708",2015-12-09,8,7.46036677545086,10.3571428571429,11,0.642857142857142,11,0.642857142857142
"709",2015-12-10,8,7.51988284416761,10.3571428571429,11,0.642857142857142,11,0.642857142857142
"710",2015-12-11,8,7.06689494931817,10.5892857142857,11,0.410714285714286,14.5,3.91071428571429
"711",2015-12-12,8,7.06689494931817,10.8214285714286,11,0.178571428571429,14.5,3.67857142857143
"712",2015-12-13,8,7.06689494931817,11.0535714285714,11,-0.0535714285714288,14.5,3.44642857142857
"713",2015-12-14,8,7.11885259414152,11.2857142857143,11,-0.285714285714286,14.5,3.21428571428571
"714",2015-12-15,11,7.3310362417387,11.3928571428571,11,-0.392857142857142,14.5,3.10714285714286
"715",2015-12-16,11,7.04882321618349,11.5,11,-0.5,14.5,3
"716",2015-12-17,11,7.04803377597866,11.6071428571429,11,-0.607142857142858,14.5,2.89285714285714
"717",2015-12-18,11,6.935091900708,11.7321428571429,11,-0.732142857142858,14.5,2.76785714285714
"718",2015-12-19,11,6.935091900708,11.8571428571429,11,-0.857142857142858,14.5,2.64285714285714
"719",2015-12-20,11,6.935091900708,11.9821428571429,11,-0.982142857142858,14.5,2.51785714285714
"720",2015-12-21,11,6.83371377355919,12.1071428571429,11,-1.10714285714286,14.5,2.39285714285714
"721",2015-12-22,11,6.79294067302131,12.4464285714286,11,-1.44642857142857,20.5,8.05357142857143
"722",2015-12-23,11,6.31134892585075,12.7857142857143,11,-1.78571428571429,20.5,7.71428571428571
"723",2015-12-24,11,6.26761157451259,13.125,11,-2.125,20.5,7.375
"724",2015-12-25,11,6.26761157451259,13.3928571428571,11,-2.39285714285714,20.5,7.10714285714286
"725",2015-12-26,11,6.26761157451259,13.6607142857143,11,-2.66071428571429,20.5,6.83928571428571
"726",2015-12-27,11,6.26761157451259,13.9285714285714,11,-2.92857142857143,20.5,6.57142857142857
"727",2015-12-28,11,6.02365907787333,14.1964285714286,11,-3.19642857142857,20.5,6.30357142857143
"728",2015-12-29,11,6.46036990260867,14.4821428571429,11,-3.48214285714286,20.5,6.01785714285714
"729",2015-12-30,11,6.42076877559847,14.7678571428571,11,-3.76785714285714,20.5,5.73214285714286
"730",2015-12-31,11,6.35306258640454,15.0535714285714,11,-4.05357142857143,20.5,5.44642857142857
"731",2016-01-01,11,6.35306258640454,15.2857142857143,11,-4.28571428571429,20.5,5.21428571428571
"732",2016-01-02,11,6.35306258640454,15.5178571428571,11,-4.51785714285714,20.5,4.98214285714286
"733",2016-01-03,11,6.35306258640454,15.75,11,-4.75,20.5,4.75
"734",2016-01-04,11,11.0870368064208,15.9821428571429,11,-4.98214285714286,20.5,4.51785714285714
"735",2016-01-05,11,9.15316204412612,16.2142857142857,17.5,1.28571428571428,20.5,4.28571428571428
"736",2016-01-06,8,6.62435546931424,16.5535714285714,17.5,0.946428571428573,20.5,3.94642857142857
"737",2016-01-07,8,6.58508354299002,16.8928571428571,17.5,0.607142857142858,20.5,3.60714285714286
"738",2016-01-08,14.5,8.10631545829217,17,17.5,0.5,20.5,3.5
"739",2016-01-09,14.5,8.10631545829217,17.1071428571429,17.5,0.392857142857142,20.5,3.39285714285714
"740",2016-01-10,14.5,8.10631545829217,17.2142857142857,17.5,0.285714285714285,20.5,3.28571428571428
"741",2016-01-11,14.5,7.107925474056,17.3214285714286,17.5,0.178571428571427,20.5,3.17857142857143
"742",2016-01-12,14,7.68315793322126,17.4642857142857,17.5,0.0357142857142847,20.5,3.03571428571428
"743",2016-01-13,14,7.81521577245683,17.6071428571429,17.5,-0.107142857142858,20.5,2.89285714285714
"744",2016-01-14,14,7.7451066409829,17.75,17.5,-0.25,20.5,2.75
"745",2016-01-15,14.5,7.74541925928681,17.875,17.5,-0.375,20.5,2.625
"746",2016-01-16,14.5,7.74541925928681,18,17.5,-0.5,20.5,2.5
"747",2016-01-17,14.5,7.74541925928681,18.125,17.5,-0.625,20.5,2.375
"748",2016-01-18,14.5,7.72690583603623,18.25,17.5,-0.75,20.5,2.25
"749",2016-01-19,20.5,7.33055675120382,18.0892857142857,17.5,-0.589285714285715,20.5,2.41071428571428
"750",2016-01-20,20.5,7.63428330262785,17.9285714285714,17.5,-0.428571428571427,20.5,2.57142857142857
"751",2016-01-21,20.5,7.63858320116366,17.7678571428571,17.5,-0.267857142857142,19,1.23214285714286
"752",2016-01-22,18.5,7.68726797237091,17.6785714285714,17.5,-0.178571428571427,19,1.32142857142857
"753",2016-01-23,18.5,7.68726797237091,17.5892857142857,17.5,-0.0892857142857153,19,1.41071428571428
"754",2016-01-24,18.5,7.68726797237091,17.5,17.5,0,19,1.5
"755",2016-01-25,18.5,7.68328464181539,17.4107142857143,17.5,0.0892857142857153,19,1.58928571428572
"756",2016-01-26,19,7.41471853517651,17.2321428571429,17.5,0.267857142857142,19,1.76785714285714
"757",2016-01-27,19,7.43101502165162,17.0535714285714,17.5,0.446428571428573,19,1.94642857142857
"758",2016-01-28,19,7.43180046895448,16.875,17.5,0.625,18,1.125
"759",2016-01-29,17.5,7.51067896928635,16.8214285714286,17.5,0.678571428571427,18,1.17857142857143
"760",2016-01-30,17.5,7.51067896928635,16.7678571428571,17.5,0.732142857142858,18,1.23214285714286
"761",2016-01-31,17.5,7.51067896928635,16.7142857142857,17.5,0.785714285714285,18,1.28571428571428
"762",2016-02-01,17.5,7.51067896928635,16.6607142857143,17.5,0.839285714285715,18,1.33928571428572
"763",2016-02-02,17.5,16.2931654292804,16.4642857142857,12,-4.46428571428572,18,1.53571428571428
"764",2016-02-03,17.5,9.97298642140077,16.2678571428571,12,-4.26785714285714,18,1.73214285714286
"765",2016-02-04,17.5,9.88201214807184,16.0714285714286,12,-4.07142857142857,18,1.92857142857143
"766",2016-02-05,17.5,10.4220629064926,15.8035714285714,12,-3.80357142857143,18,2.19642857142857
"767",2016-02-06,17.5,10.4220629064926,15.5357142857143,12,-3.53571428571429,18,2.46428571428571
"768",2016-02-07,17.5,10.4220629064926,15.2678571428571,12,-3.26785714285714,18,2.73214285714286
"769",2016-02-08,17.5,9.15903766681632,15,12,-3,18,3
"770",2016-02-09,18,9.65057654014807,14.75,12,-2.75,18,3.25
"771",2016-02-10,18,8.36530637354351,14.5,12,-2.5,18,3.5
"772",2016-02-11,18,8.13703821402405,14.25,12,-2.25,18,3.75
"773",2016-02-12,18,9.3063456970517,14.0357142857143,12,-2.03571428571429,18,3.96428571428571
"774",2016-02-13,18,9.3063456970517,13.8214285714286,12,-1.82142857142857,18,4.17857142857143
"775",2016-02-14,18,9.3063456970517,13.6071428571429,12,-1.60714285714286,18,4.39285714285714
"776",2016-02-15,18,9.24534995550898,13.3928571428571,12,-1.39285714285714,16,2.60714285714286
"777",2016-02-16,16,7.40087398047777,13.1428571428571,12,-1.14285714285714,16,2.85714285714286
"778",2016-02-17,16,7.40087482662511,12.8928571428571,12,-0.892857142857142,16,3.10714285714286
"779",2016-02-18,16,7.40087473020867,12.6428571428571,12,-0.642857142857142,16,3.35714285714286
"780",2016-02-19,16,7.43382441260345,12.3392857142857,12,-0.339285714285714,16,3.66071428571429
"781",2016-02-20,16,7.43382441260345,12.0357142857143,12,-0.0357142857142865,16,3.96428571428571
"782",2016-02-21,16,7.43382441260345,11.7321428571429,12,0.267857142857142,16,4.26785714285714
"783",2016-02-22,16,7.43865686563555,11.4285714285714,12,0.571428571428571,16,4.57142857142857
"784",2016-02-23,14,7.41022102983932,11.1964285714286,12,0.803571428571429,16,4.80357142857143
"785",2016-02-24,14,7.41022083556614,10.9285714285714,12,1.07142857142857,16,5.07142857142857
"786",2016-02-25,14,7.41020174963075,10.6607142857143,12,1.33928571428571,16,5.33928571428571
"787",2016-02-26,16,7.61945053264003,10.3214285714286,12,1.67857142857143,16,5.67857142857143
"788",2016-02-27,16,7.61945053264003,9.98214285714286,12,2.01785714285714,16,6.01785714285714
"789",2016-02-28,16,7.61945053264003,9.64285714285714,12,2.35714285714286,16,6.35714285714286
"790",2016-02-29,16,8.24048132546378,9.30357142857143,12,2.69642857142857,12,2.69642857142857
"791",2016-03-01,12,14.0000531918954,9.10714285714286,11,1.89285714285714,12,2.89285714285714
"792",2016-03-02,12,12.8888467090783,8.91071428571429,11,2.08928571428571,12,3.08928571428571
"793",2016-03-03,12,12.8888467090783,8.71428571428571,11,2.28571428571429,12,3.28571428571429
"794",2016-03-04,10,12.4331046174818,8.58928571428571,11,2.41071428571429,12,3.41071428571429
"795",2016-03-05,10,12.4331046174818,8.46428571428571,11,2.53571428571429,12,3.53571428571429
"796",2016-03-06,10,12.4331046174818,8.33928571428571,11,2.66071428571429,12,3.66071428571429
"797",2016-03-07,10,12.328901441884,8.21428571428571,11,2.78571428571429,12,3.78571428571429
"798",2016-03-08,11,12.9892579592593,8.01785714285714,11,2.98214285714286,12,3.98214285714286
"799",2016-03-09,11,12.9712769798131,7.82142857142857,11,3.17857142857143,12,4.17857142857143
"800",2016-03-10,11,12.8850655969235,7.625,12,4.375,12,4.375
"801",2016-03-11,12,10.9605913298486,7.375,12,4.625,12,4.625
"802",2016-03-12,12,10.9605913298486,7.125,12,4.875,12,4.875
"803",2016-03-13,12,10.9605913298486,6.875,12,5.125,12,5.125
"804",2016-03-14,12,11.2911449003468,6.625,7.5,0.875,9,2.375
"805",2016-03-15,9,7.8640907325773,6.48214285714286,7.5,1.01785714285714,9,2.51785714285714
"806",2016-03-16,9,7.87938917183527,6.33928571428571,7.5,1.16071428571429,9,2.66071428571429
"807",2016-03-17,9,7.87479056323163,6.19642857142857,7.5,1.30357142857143,7.5,1.30357142857143
"808",2016-03-18,7.5,8.03212113562517,6.10714285714286,7.5,1.39285714285714,7.5,1.39285714285714
"809",2016-03-19,7.5,8.03212113562517,6.01785714285714,7.5,1.48214285714286,7.5,1.48214285714286
"810",2016-03-20,7.5,8.03212113562517,5.92857142857143,7.5,1.57142857142857,7.5,1.57142857142857
"811",2016-03-21,7.5,8.03212113562517,5.82142857142857,6.5,0.678571428571429,7.5,1.67857142857143
"812",2016-03-22,7.5,7.07337824906028,5.71428571428571,6.5,0.785714285714286,6.5,0.785714285714286
"813",2016-03-23,6.5,7.52402760260581,5.64285714285714,6.5,0.857142857142857,6.5,0.857142857142857
"814",2016-03-24,6.5,7.52402760260581,5.57142857142857,6.5,0.928571428571429,6.5,0.928571428571429
"815",2016-03-25,6.5,7.52402760260581,5.5,6.5,1,6.5,1
"816",2016-03-26,6.5,7.52402760260581,5.42857142857143,6.5,1.07142857142857,6.5,1.07142857142857
"817",2016-03-27,6.5,7.52402760260581,5.35714285714286,6.5,1.14285714285714,6.5,1.14285714285714
"818",2016-03-28,6.5,7.54051211634593,5.28571428571429,5,-0.285714285714286,6.5,1.21428571428571
"819",2016-03-29,6.5,7.3522449373259,5.26785714285714,5,-0.267857142857143,6.5,1.23214285714286
"820",2016-03-30,6.5,7.3522449373259,5.25,5,-0.25,6.5,1.25
"821",2016-03-31,6.5,7.35235321147599,5.23214285714286,5,-0.232142857142857,6.5,1.26785714285714
"822",2016-04-01,6.5,7.35235321147599,5.21428571428571,5,-0.214285714285714,6.5,1.28571428571429
"823",2016-04-02,6.5,7.35235321147599,5.19642857142857,5,-0.196428571428571,6.5,1.30357142857143
"824",2016-04-03,6.5,7.35235321147599,5.17857142857143,5,-0.178571428571429,6.5,1.32142857142857
"825",2016-04-04,6.5,7.13884247964022,5.125,5,-0.125,6,0.875
"826",2016-04-05,5.5,7.01355327731667,5.15178571428571,5,-0.151785714285714,6.25,1.09821428571429
"827",2016-04-06,5.5,7.01373117146704,5.17857142857143,5,-0.178571428571429,6.25,1.07142857142857
"828",2016-04-07,5.5,7.0136800271929,5.20535714285714,5,-0.205357142857143,6.25,1.04464285714286
"829",2016-04-08,5,7.42116411453119,5.25,5,-0.25,6.25,1
"830",2016-04-09,5,7.42116411453119,5.29464285714286,5,-0.294642857142857,6.25,0.955357142857143
"831",2016-04-10,5,7.42116411453119,5.33928571428571,5,-0.339285714285714,6.25,0.910714285714286
"832",2016-04-11,5,7.3835610058256,5.38392857142857,4.5,-0.883928571428571,6.25,0.866071428571429
"833",2016-04-12,5,6.71435746700774,5.41964285714286,4.5,-0.919642857142857,6.25,0.830357142857143
"834",2016-04-13,5,6.7117595550509,5.45535714285714,4.5,-0.955357142857143,6.25,0.794642857142857
"835",2016-04-14,5,6.7117595550509,5.49107142857143,4.5,-0.991071428571429,6.25,0.758928571428571
"836",2016-04-15,5,6.7117595550509,5.5625,4.5,-1.0625,7,1.4375
"837",2016-04-16,5,6.7117595550509,5.63392857142857,4.5,-1.13392857142857,7,1.36607142857143
"838",2016-04-17,5,6.7117595550509,5.70535714285714,4.5,-1.20535714285714,7,1.29464285714286
"839",2016-04-18,4.5,6.83121654931178,5.79464285714286,4.5,-1.29464285714286,7,1.20535714285714
"840",2016-04-19,4.5,5.96290451717809,5.89285714285714,4.5,-1.39285714285714,7.25,1.35714285714286
"841",2016-04-20,4.5,6.14319913861971,5.99107142857143,4.5,-1.49107142857143,7.25,1.25892857142857
"842",2016-04-21,4.5,6.30600284214164,6.08928571428571,4.5,-1.58928571428571,7.25,1.16071428571429
"843",2016-04-22,4.5,6.30600284214164,6.1875,4.5,-1.6875,7.25,1.0625
"844",2016-04-23,4.5,6.30600284214164,6.28571428571429,4.5,-1.78571428571429,7.25,0.964285714285714
"845",2016-04-24,4.5,6.30600284214164,6.38392857142857,4.5,-1.88392857142857,7.25,0.866071428571429
"846",2016-04-25,4.5,6.56010049923748,6.47321428571429,5,-1.47321428571429,7.25,0.776785714285714
"847",2016-04-26,6,5.2388623248081,6.48214285714286,5,-1.48214285714286,7.25,0.767857142857143
"848",2016-04-27,6,5.42021628677818,6.49107142857143,5,-1.49107142857143,7.25,0.758928571428571
"849",2016-04-28,6,5.41880932975162,6.5,5,-1.5,7.25,0.75
"850",2016-04-29,6,5.41880932975162,6.49107142857143,5,-1.49107142857143,7.25,0.758928571428571
"851",2016-04-30,6,5.41880932975162,6.48214285714286,5,-1.48214285714286,7.25,0.767857142857143
"852",2016-05-01,6,5.41880932975162,6.47321428571429,5,-1.47321428571429,7.25,0.776785714285714
"853",2016-05-02,5,6.2989822596986,6.5,6.25,-0.25,7.25,0.75
"854",2016-05-03,6.25,4.9740050251157,6.44642857142857,6.25,-0.196428571428571,7.25,0.803571428571429
"855",2016-05-04,6.25,5.24788883500437,6.39285714285714,6.25,-0.142857142857143,7.25,0.857142857142857
"856",2016-05-05,6.25,5.24788883500437,6.33928571428571,6.25,-0.0892857142857144,7.25,0.910714285714286
"857",2016-05-06,6.25,5.30574932209339,6.3125,6.25,-0.0625,7.25,0.9375
"858",2016-05-07,6.25,5.30574932209339,6.28571428571429,6.25,-0.0357142857142856,7.25,0.964285714285714
"859",2016-05-08,6.25,5.30574932209339,6.25892857142857,6.25,-0.00892857142857117,7.25,0.991071428571429
"860",2016-05-09,6.25,5.25561428016156,6.23214285714286,4.75,-1.48214285714286,7.25,1.01785714285714
"861",2016-05-10,6,3.99826288785053,6.20535714285714,5.25,-0.955357142857143,7.25,1.04464285714286
"862",2016-05-11,6,3.98953959254143,6.17857142857143,5.25,-0.928571428571429,7.25,1.07142857142857
"863",2016-05-12,6,3.9970014198489,6.15178571428571,5.25,-0.901785714285714,7.25,1.09821428571429
"864",2016-05-13,7,4.27702738477501,6.08928571428571,5.25,-0.839285714285714,7.25,1.16071428571429
"865",2016-05-14,7,4.27702738477501,6.02678571428571,5.25,-0.776785714285714,7.25,1.22321428571429
"866",2016-05-15,7,4.27702738477501,5.96428571428571,5.25,-0.714285714285714,7.25,1.28571428571429
"867",2016-05-16,7,4.43077105416715,5.90178571428571,5.25,-0.651785714285714,7.25,1.34821428571429
"868",2016-05-17,7.25,4.74727864789626,5.85714285714286,6,0.142857142857143,7.25,1.39285714285714
"869",2016-05-18,7.25,4.67037657675074,5.8125,6,0.1875,7.25,1.4375
"870",2016-05-19,7.25,4.67504561679529,5.76785714285714,6,0.232142857142857,7.25,1.48214285714286
"871",2016-05-20,7.25,4.67504561679529,5.71428571428571,6,0.285714285714286,7.25,1.53571428571429
"872",2016-05-21,7.25,4.67504561679529,5.66071428571429,6,0.339285714285714,7.25,1.58928571428571
"873",2016-05-22,7.25,4.67504561679529,5.60714285714286,6,0.392857142857143,7,1.39285714285714
"874",2016-05-23,7,4.81552579321536,5.5625,6,0.4375,6.25,0.6875
"875",2016-05-24,6.25,4.98821914105325,5.54464285714286,5.75,0.205357142857143,6.25,0.705357142857143
"876",2016-05-25,6.25,5.02791341952983,5.52678571428571,5.75,0.223214285714286,6.25,0.723214285714286
"877",2016-05-26,6.25,5.03344236891328,5.50892857142857,5.75,0.241071428571429,6,0.491071428571429
"878",2016-05-27,5.75,4.91168110970444,5.50892857142857,5.75,0.241071428571429,6,0.491071428571429
"879",2016-05-28,5.75,4.91168110970444,5.50892857142857,5.75,0.241071428571429,6,0.491071428571429
"880",2016-05-29,5.75,4.91168110970444,5.50892857142857,5.75,0.241071428571429,6,0.491071428571429
"881",2016-05-30,5.75,4.95337462672305,5.50892857142857,5.75,0.241071428571429,6,0.491071428571429
"882",2016-05-31,4.75,5.19536978958925,5.52678571428571,5.25,-0.276785714285714,6,0.473214285714286
"883",2016-06-01,4.75,4.7467622975922,5.54464285714286,5.25,-0.294642857142857,6,0.455357142857143
"884",2016-06-02,4.75,4.9499713572775,5.5625,5.25,-0.3125,6,0.4375
"885",2016-06-03,5.5,5.05896450391952,5.55357142857143,5.25,-0.303571428571429,6,0.446428571428571
"886",2016-06-04,5.5,5.05896450391952,5.54464285714286,5.25,-0.294642857142857,6,0.455357142857143
"887",2016-06-05,5.5,5.05896450391952,5.53571428571429,5.25,-0.285714285714286,6,0.464285714285714
"888",2016-06-06,5.5,5.06487814600001,5.52678571428571,5.25,-0.276785714285714,6,0.473214285714286
"889",2016-06-07,5.25,5.33953958302135,5.53571428571429,5.25,-0.285714285714286,6,0.464285714285714
"890",2016-06-08,5.25,5.33020938014563,5.54464285714286,5.25,-0.294642857142857,6,0.455357142857143
"891",2016-06-09,5.25,5.32244976093825,5.55357142857143,5.25,-0.303571428571429,6,0.446428571428571
"892",2016-06-10,5.25,5.90674055100412,5.5625,5.25,-0.3125,6,0.4375
"893",2016-06-11,5.25,5.90674055100412,5.57142857142857,5.25,-0.321428571428571,6,0.428571428571429
"894",2016-06-12,5.25,5.90674055100412,5.58035714285714,5.25,-0.330357142857143,6,0.419642857142857
"895",2016-06-13,5.25,5.84848345184882,5.58928571428571,5.25,-0.339285714285714,6,0.410714285714286
"896",2016-06-14,6,6.19988129865582,5.58928571428571,5.25,-0.339285714285714,6,0.410714285714286
"897",2016-06-15,6,6.19350322478266,5.58928571428571,5.25,-0.339285714285714,6,0.410714285714286
"898",2016-06-16,6,6.18774258265629,5.58928571428571,5.25,-0.339285714285714,6,0.410714285714286
"899",2016-06-17,5.75,5.19292260120125,5.59821428571429,5.25,-0.348214285714286,6,0.401785714285714
"900",2016-06-18,5.75,5.19292260120125,5.60714285714286,5.25,-0.357142857142857,6,0.392857142857143
"901",2016-06-19,5.75,5.19292260120125,5.61607142857143,5.25,-0.366071428571429,6,0.383928571428571
"902",2016-06-20,5.75,5.20401450788879,5.625,5.25,-0.375,6,0.375
"903",2016-06-21,5.75,6.75933319578681,5.61607142857143,5.25,-0.366071428571429,6,0.383928571428571
"904",2016-06-22,5.75,6.7829788811743,5.60714285714286,5.25,-0.357142857142857,6,0.392857142857143
"905",2016-06-23,5.75,6.80532747222649,5.59821428571429,5.25,-0.348214285714286,6,0.401785714285714
"906",2016-06-24,5.75,7.39596510453045,5.58928571428571,5.25,-0.339285714285714,6,0.410714285714286
"907",2016-06-25,5.75,7.39596510453045,5.58035714285714,5.25,-0.330357142857143,6,0.419642857142857
"908",2016-06-26,5.75,7.39596510453045,5.57142857142857,5.25,-0.321428571428571,6,0.428571428571429
"909",2016-06-27,5.75,7.31844693400766,5.5625,5.25,-0.3125,6,0.4375
"910",2016-06-28,5.25,7.45458481196495,5.5625,5.25,-0.3125,6,0.4375
"911",2016-06-29,5.25,7.45223867918962,5.5625,5.25,-0.3125,6,0.4375
"912",2016-06-30,5.25,7.47200255954593,5.5625,6,0.4375,6,0.4375
"913",2016-07-01,5.25,6.55831474490446,5.53571428571429,6,0.464285714285714,6,0.464285714285714
"914",2016-07-02,5.25,6.55831474490446,5.50892857142857,6,0.491071428571429,6,0.491071428571429
"915",2016-07-03,5.25,6.55831474490446,5.48214285714286,6,0.517857142857143,6,0.517857142857143
"916",2016-07-04,5.25,6.50712908962145,5.45535714285714,6,0.544642857142857,6,0.544642857142857
"917",2016-07-05,5.5,6.51618973375434,5.41964285714286,6,0.580357142857143,6,0.580357142857143
"918",2016-07-06,5.5,6.5098822506335,5.38392857142857,6,0.616071428571429,6,0.616071428571429
"919",2016-07-07,5.5,6.51271824539753,5.34821428571429,6,0.651785714285714,6,0.651785714285714
"920",2016-07-08,5.5,6.49342227336291,5.3125,6,0.6875,6,0.6875
"921",2016-07-09,5.5,6.49342227336291,5.27678571428571,6,0.723214285714286,6,0.723214285714286
"922",2016-07-10,5.5,6.49342227336291,5.24107142857143,6,0.758928571428571,6,0.758928571428571
"923",2016-07-11,5.5,6.49224498352427,5.20535714285714,6,0.794642857142857,6,0.794642857142857
"924",2016-07-12,6,6.76353203239058,5.15178571428571,6,0.848214285714286,6,0.848214285714286
"925",2016-07-13,6,6.69391812507319,5.09821428571429,6,0.901785714285714,6,0.901785714285714
"926",2016-07-14,6,6.70066815842257,5.04464285714286,6,0.955357142857143,6,0.955357142857143
"927",2016-07-15,6,6.65004419969076,4.99107142857143,6,1.00892857142857,6,1.00892857142857
"928",2016-07-16,6,6.65004419969076,4.9375,6,1.0625,6,1.0625
"929",2016-07-17,6,6.65004419969076,4.88392857142857,6,1.11607142857143,6,1.11607142857143
"930",2016-07-18,6,6.63256687514872,4.83035714285714,4.5,-0.330357142857143,5.5,0.669642857142857
"931",2016-07-19,5.5,6.24266789135909,4.79464285714286,4.5,-0.294642857142857,5.5,0.705357142857143
"932",2016-07-20,5.5,6.23380064034986,4.75892857142857,4.5,-0.258928571428571,5.5,0.741071428571429
"933",2016-07-21,5.5,6.23358521569549,4.8125,4.5,-0.3125,7,2.1875
"934",2016-07-22,5.5,6.36192487905815,4.86607142857143,4.5,-0.366071428571429,7,2.13392857142857
"935",2016-07-23,5.5,6.36192487905815,4.91964285714286,4.5,-0.419642857142857,7,2.08035714285714
"936",2016-07-24,5.5,6.36192487905815,4.97321428571429,4.5,-0.473214285714286,7,2.02678571428571
"937",2016-07-25,5.5,6.36862467927404,5.02678571428571,4.5,-0.526785714285714,7,1.97321428571429
"938",2016-07-26,5.25,6.13762354006705,5.07142857142857,6.5,1.42857142857143,7,1.92857142857143
"939",2016-07-27,5.25,6.13389942794134,5.11607142857143,6.5,1.38392857142857,7,1.88392857142857
"940",2016-07-28,5.25,6.29669823468606,5.16071428571429,6.5,1.33928571428571,7,1.83928571428571
"941",2016-07-29,4.5,6.44218650230463,5.23214285714286,6.5,1.26785714285714,7,1.76785714285714
"942",2016-07-30,4.5,6.44218650230463,5.30357142857143,6.5,1.19642857142857,7,1.69642857142857
"943",2016-07-31,4.5,6.44218650230463,5.375,6.5,1.125,7,1.625
"944",2016-08-01,4.5,5.09313272594305,5.44642857142857,6.5,1.05357142857143,7,1.55357142857143
"945",2016-08-02,4.5,5.45737019954546,5.53571428571429,7,1.46428571428571,7,1.46428571428571
"946",2016-08-03,4.5,5.46392623686192,5.625,7,1.375,7,1.375
"947",2016-08-04,4.5,5.54022735181338,5.71428571428571,7,1.28571428571429,7,1.28571428571429
"948",2016-08-05,4.5,5.5570376752222,5.80357142857143,7,1.19642857142857,7,1.19642857142857
"949",2016-08-06,4.5,5.5570376752222,5.89285714285714,7,1.10714285714286,7,1.10714285714286
"950",2016-08-07,4.5,5.5570376752222,5.98214285714286,7,1.01785714285714,7,1.01785714285714
"951",2016-08-08,4.5,5.57900256495321,6.07142857142857,7,0.928571428571429,7,0.928571428571429
"952",2016-08-09,4.5,5.71412164991597,6.13392857142857,7,0.866071428571429,7,0.866071428571429
"953",2016-08-10,4.5,5.71394970274501,6.19642857142857,7,0.803571428571429,7,0.803571428571429
"954",2016-08-11,4.5,5.71528510031295,6.25892857142857,7,0.741071428571429,7,0.741071428571429
"955",2016-08-12,4.5,5.74349646444452,6.32142857142857,7,0.678571428571429,7,0.678571428571429
"956",2016-08-13,4.5,5.74349646444452,6.38392857142857,7,0.616071428571429,7,0.616071428571429
"957",2016-08-14,4.5,5.74349646444452,6.44642857142857,7,0.553571428571429,7,0.553571428571429
"958",2016-08-15,4.5,5.75587170185832,6.50892857142857,7,0.491071428571429,7,0.491071428571429
"959",2016-08-16,4.5,5.9451004907652,6.59821428571429,7,0.401785714285714,7,0.401785714285714
"960",2016-08-17,4.5,5.95061704069074,6.6875,7,0.3125,7,0.3125
"961",2016-08-18,7,5.95314093784276,6.6875,7,0.3125,7,0.3125
"962",2016-08-19,7,5.96547890602992,6.6875,7,0.3125,7,0.3125
"963",2016-08-20,7,5.96547890602992,6.6875,7,0.3125,7,0.3125
"964",2016-08-21,7,5.96547890602992,6.6875,7,0.3125,7,0.3125
"965",2016-08-22,7,6.15276942950273,6.6875,7,0.3125,7,0.3125
"966",2016-08-23,6.5,6.8194310436282,6.70535714285714,7,0.294642857142857,7,0.294642857142857
"967",2016-08-24,6.5,7.28408230952622,6.72321428571429,7,0.276785714285714,7,0.276785714285714
"968",2016-08-25,6.5,7.29039955835826,6.74107142857143,7,0.258928571428571,7,0.258928571428571
"969",2016-08-26,6.5,7.31281829750182,6.75892857142857,7,0.241071428571429,7,0.241071428571429
"970",2016-08-27,6.5,7.31281829750182,6.77678571428571,7,0.223214285714286,7,0.223214285714286
"971",2016-08-28,6.5,7.31281829750182,6.79464285714286,7,0.205357142857143,7,0.205357142857143
"972",2016-08-29,6.5,7.35050171826757,6.8125,7,0.1875,7,0.1875
"973",2016-08-30,7,7.49562735456239,6.8125,7,0.1875,7,0.1875
"974",2016-08-31,7,7.51426367905713,6.8125,7,0.1875,7,0.1875
"975",2016-09-01,7,7.00628900374292,6.8125,7,0.1875,7,0.1875
"976",2016-09-02,7,7.10839043678427,6.8125,7,0.1875,7,0.1875
"977",2016-09-03,7,7.10839043678427,6.8125,7,0.1875,7,0.1875
"978",2016-09-04,7,7.10839043678427,6.8125,7,0.1875,7,0.1875
"979",2016-09-05,7,7.15404402102186,6.8125,7,0.1875,7,0.1875
"980",2016-09-06,6.25,7.32124404684897,6.83928571428571,7,0.160714285714286,7,0.160714285714286
"981",2016-09-07,6.25,7.36301302385117,6.86607142857143,7,0.133928571428571,7,0.133928571428571
"982",2016-09-08,6.25,7.02736254094224,6.89285714285714,7,0.107142857142857,7,0.107142857142857
"983",2016-09-09,6.25,7.1147911383016,6.95535714285714,7,0.0446428571428568,8,1.04464285714286
"984",2016-09-10,6.25,7.1147911383016,7.01785714285714,7,-0.0178571428571432,8,0.982142857142857
"985",2016-09-11,6.25,7.1147911383016,7.08035714285714,7,-0.0803571428571432,8,0.919642857142857
"986",2016-09-12,6.25,7.25026476184665,7.14285714285714,7,-0.142857142857143,8,0.857142857142857
"987",2016-09-13,7,8.13537342251042,7.17857142857143,7,-0.178571428571429,8,0.821428571428571
"988",2016-09-14,7,8.15492549658667,7.21428571428571,7,-0.214285714285714,8,0.785714285714286
"989",2016-09-15,7,8.00927708432324,7.25,7,-0.25,8,0.75
"990",2016-09-16,7,8.00927708432324,7.28571428571429,7,-0.285714285714286,8,0.714285714285714
"991",2016-09-17,7,8.00927708432324,7.32142857142857,7,-0.321428571428571,8,0.678571428571429
"992",2016-09-18,7,8.00927708432324,7.35714285714286,7,-0.357142857142857,8,0.642857142857143
"993",2016-09-19,7,7.99930136755281,7.39285714285714,7,-0.392857142857143,8,0.607142857142857
"994",2016-09-20,7,8.03332993477941,7.36607142857143,7,-0.366071428571429,8,0.633928571428571
"995",2016-09-21,7,9.83975659446751,7.33928571428571,7,-0.339285714285714,8,0.660714285714286
"996",2016-09-22,7,11.0429832605216,7.3125,7,-0.3125,8,0.6875
"997",2016-09-23,7,10.6666063871885,7.29464285714286,7,-0.294642857142857,8,0.705357142857143
"998",2016-09-24,7,10.6666063871885,7.27678571428571,7,-0.276785714285714,8,0.723214285714286
"999",2016-09-25,7,10.6666063871885,7.25892857142857,7,-0.258928571428571,8,0.741071428571429
"1000",2016-09-26,7,10.8079945309548,7.24107142857143,7,-0.241071428571429,8,0.758928571428571
"1001",2016-09-27,7,9.03771803265103,7.20535714285714,7,-0.205357142857143,8,0.794642857142857
"1002",2016-09-28,7,9.0691171577431,7.16964285714286,7,-0.169642857142857,8,0.830357142857143
"1003",2016-09-29,7,9.0892036651643,7.13392857142857,7,-0.133928571428571,8,0.866071428571429
"1004",2016-09-30,7,9.10236114784193,7.09821428571429,7,-0.0982142857142856,8,0.901785714285714
"1005",2016-10-01,7,9.10236114784193,7.0625,7,-0.0625,8,0.9375
"1006",2016-10-02,7,9.10236114784193,7.02678571428571,6,-1.02678571428571,8,0.973214285714286
"1007",2016-10-03,7,6.9454790585558,6.99107142857143,6,-0.991071428571429,8,1.00892857142857
"1008",2016-10-04,7,7.82668381589272,6.95535714285714,6,-0.955357142857143,8,1.04464285714286
"1009",2016-10-05,7,7.83583364941009,6.91964285714286,6,-0.919642857142857,8,1.08035714285714
"1010",2016-10-06,7,7.81361093198516,6.88392857142857,6,-0.883928571428571,8,1.11607142857143
"1011",2016-10-07,8,7.9448168528256,6.8125,6,-0.8125,8,1.1875
"1012",2016-10-08,8,7.9448168528256,6.74107142857143,6,-0.741071428571429,8,1.25892857142857
"1013",2016-10-09,8,7.9448168528256,6.66964285714286,6,-0.669642857142857,8,1.33035714285714
"1014",2016-10-10,8,7.94560787882913,6.59821428571429,6,-0.598214285714286,8,1.40178571428571
"1015",2016-10-11,8,8.07380102724558,6.49107142857143,6,-0.491071428571429,8,1.50892857142857
"1016",2016-10-12,8,8.07565153445196,6.38392857142857,6,-0.383928571428571,8,1.61607142857143
"1017",2016-10-13,8,8.07799660329469,6.27678571428571,6,-0.276785714285714,8,1.72321428571429
"1018",2016-10-14,8,8.30850767260184,6.16964285714286,6,-0.169642857142857,8,1.83035714285714
"1019",2016-10-15,8,8.30850767260184,6.0625,6,-0.0625,8,1.9375
"1020",2016-10-16,8,8.30850767260184,5.95535714285714,6,0.0446428571428568,8,2.04464285714286
"1021",2016-10-17,8,7.91902703529142,5.84821428571429,6,0.151785714285714,6.5,0.651785714285714
"1022",2016-10-18,6.25,7.80230103612623,5.82142857142857,6,0.178571428571429,6.5,0.678571428571429
"1023",2016-10-19,6.25,6.42666627697317,5.79464285714286,6,0.205357142857143,6.5,0.705357142857143
"1024",2016-10-20,6.25,6.3507470163022,5.76785714285714,6,0.232142857142857,6.5,0.732142857142857
"1025",2016-10-21,6.5,6.34802146167256,5.73214285714286,6,0.267857142857143,6.5,0.767857142857143
"1026",2016-10-22,6.5,6.34802146167256,5.69642857142857,6,0.303571428571429,6.5,0.803571428571429
"1027",2016-10-23,6.5,6.34802146167256,5.66071428571429,6,0.339285714285714,6.5,0.839285714285714
"1028",2016-10-24,6.5,6.29145961630948,5.625,6,0.375,6,0.375
"1029",2016-10-25,6,8.15244520630947,5.60714285714286,6,0.392857142857143,6,0.392857142857143
"1030",2016-10-26,6,8.34239705915814,5.58928571428571,6,0.410714285714286,6,0.410714285714286
"1031",2016-10-27,6,8.28521621127438,5.54464285714286,6,0.455357142857143,6,0.455357142857143
"1032",2016-10-28,6,7.84431552817472,5.5,6,0.5,6,0.5
"1033",2016-10-29,6,7.84431552817472,5.45535714285714,6,0.544642857142857,6,0.544642857142857
"1034",2016-10-30,6,7.84431552817472,5.41071428571429,6,0.589285714285714,6,0.589285714285714
"1035",2016-10-31,6,8.35828213021457,5.36607142857143,6,0.633928571428571,6,0.633928571428571
"1036",2016-11-01,6,6.24412089829158,5.35714285714286,6,0.642857142857143,6,0.642857142857143
"1037",2016-11-02,6,6.24412089829158,5.34821428571429,6,0.651785714285714,6,0.651785714285714
"1038",2016-11-03,6,6.38920229065767,5.33928571428571,6,0.660714285714286,6,0.660714285714286
"1039",2016-11-04,6,8.07362567407449,5.33035714285714,6,0.669642857142857,6,0.669642857142857
"1040",2016-11-05,6,8.07362567407449,5.32142857142857,6,0.678571428571429,6,0.678571428571429
"1041",2016-11-06,6,8.07362567407449,5.3125,6,0.6875,6,0.6875
"1042",2016-11-07,6,7.99706791397344,5.30357142857143,5.5,0.196428571428571,5.75,0.446428571428571
"1043",2016-11-08,5,6.57715156248323,5.39285714285714,5.5,0.107142857142857,7.5,2.10714285714286
"1044",2016-11-09,5,6.96727721068201,5.48214285714286,5.5,0.0178571428571432,7.5,2.01785714285714
"1045",2016-11-10,5,6.48011583827092,5.57142857142857,5.5,-0.0714285714285712,7.5,1.92857142857143
"1046",2016-11-11,5,6.65744680320313,5.66071428571429,5.5,-0.160714285714286,7.5,1.83928571428571
"1047",2016-11-12,5,6.65744680320313,5.75,5.5,-0.25,7.5,1.75
"1048",2016-11-13,5,6.65744680320313,5.83928571428571,5.5,-0.339285714285714,7.5,1.66071428571429
"1049",2016-11-14,5,6.81457902775771,5.92857142857143,5.5,-0.428571428571429,7.5,1.57142857142857
"1050",2016-11-15,5.5,6.36518340356244,6,5.5,-0.5,7.5,1.5
"1051",2016-11-16,5.5,7.30190690854978,6.07142857142857,5.5,-0.571428571428571,7.5,1.42857142857143
"1052",2016-11-17,5.5,7.30445463427341,6.14285714285714,5.5,-0.642857142857143,7.5,1.35714285714286
"1053",2016-11-18,5.5,7.37749443467001,6.23214285714286,5.5,-0.732142857142857,8,1.76785714285714
"1054",2016-11-19,5.5,7.37749443467001,6.32142857142857,5.5,-0.821428571428571,8,1.67857142857143
"1055",2016-11-20,5.5,7.37749443467001,6.41071428571429,5.5,-0.910714285714286,8,1.58928571428571
"1056",2016-11-21,5.5,7.37749443467001,6.5,4.75,-1.75,8,1.5
"1057",2016-11-22,5.5,6.90311291929054,6.58928571428571,4.75,-1.83928571428571,8,1.41071428571429
"1058",2016-11-23,5.5,6.87205774385536,6.67857142857143,8,1.32142857142857,8,1.32142857142857
"1059",2016-11-24,4.75,6.90376464730123,6.79464285714286,8,1.20535714285714,8,1.20535714285714
"1060",2016-11-25,4.75,6.3762150006842,6.91071428571429,8,1.08928571428571,8,1.08928571428571
"1061",2016-11-26,4.75,6.3762150006842,7.02678571428571,8,0.973214285714286,8,0.973214285714286
"1062",2016-11-27,4.75,6.3762150006842,7.14285714285714,8,0.857142857142857,8,0.857142857142857
"1063",2016-11-28,4.75,6.38713413378736,7.25892857142857,8,0.741071428571429,8,0.741071428571429
"1064",2016-11-29,5.75,6.46251026663557,7.33928571428571,8,0.660714285714286,8,0.660714285714286
"1065",2016-11-30,5.75,6.6144882696208,7.41964285714286,8,0.580357142857143,8,0.580357142857143
"1066",2016-12-01,5.75,4.92817643798577,7.5,8,0.5,8,0.5
"1067",2016-12-02,5.75,5.27910323309843,7.58035714285714,8,0.419642857142857,8,0.419642857142857
"1068",2016-12-03,5.75,5.27910323309843,7.66071428571429,8,0.339285714285714,8,0.339285714285714
"1069",2016-12-04,5.75,5.27910323309843,7.73148148148148,8,0.268518518518518,8,0.268518518518518
"1070",2016-12-05,5.75,5.27863083425465,7.80769230769231,8,0.192307692307693,8,0.192307692307693
"1071",2016-12-06,7.5,5.97616712589679,7.82,8,0.18,8,0.18
"1072",2016-12-07,7.5,5.97570648279019,7.83333333333333,8,0.166666666666667,8,0.166666666666667
"1073",2016-12-08,7.5,5.77644601158484,7.84782608695652,8,0.152173913043478,8,0.152173913043478
"1074",2016-12-09,7.5,5.46306213716233,7.86363636363636,8,0.136363636363637,8,0.136363636363637
"1075",2016-12-10,7.5,5.46306213716233,7.88095238095238,8,0.119047619047619,8,0.119047619047619
"1076",2016-12-11,7.5,5.46306213716233,7.9,8,0.0999999999999996,8,0.0999999999999996
"1077",2016-12-12,7.5,5.49144035566893,7.92105263157895,8,0.0789473684210522,8,0.0789473684210522
"1078",2016-12-13,7.5,4.47506604893143,7.94444444444444,8,0.0555555555555554,8,0.0555555555555554
"1079",2016-12-14,7.5,4.47404097304197,7.97058823529412,8,0.0294117647058822,8,0.0294117647058822
"1080",2016-12-15,7.5,4.43964630154779,8,8,0,8,0
"1081",2016-12-16,8,4.38111248035606,8,8,0,8,0
"1082",2016-12-17,8,4.38111248035606,8,8,0,8,0
"1083",2016-12-18,8,4.38111248035606,8,8,0,8,0
"1084",2016-12-19,8,4.55380507855183,8,8,0,8,0
"1085",2016-12-20,8,4.23217857781795,8,8,0,8,0
"1086",2016-12-21,8,7.06161550827036,8,8,0,8,0
"1087",2016-12-22,8,6.9428185345283,8,8,0,8,0
"1088",2016-12-23,8,7.04210356129329,8,8,0,8,0
"1089",2016-12-24,8,7.04210356129329,8,8,0,8,0
"1090",2016-12-25,8,7.04210356129329,8,8,0,8,0
"1091",2016-12-26,8,6.72126525950558,8,8,0,8,0
"1092",2016-12-27,8,6.72233091703477,8,8,0,8,0
"1093",2016-12-28,8,5.73549737836357,8,8,0,8,0
"1094",2016-12-29,8,5.14972532737402,8,8,0,8,0
"1095",2016-12-30,8,5.13521423731208,8,8,0,8,0
"1096",2016-12-31,8,5.13521423731208,NA,NA,NA,NA,NA
